name,sequence,DIV_proportion,DIV_sd,n_samples,n_runs,taxa_id,se
D1,AATGGCCCCCTGAACGCGCATTGCACTCTTGGGACTTCCTGAGAGTATGTTTGCTTCAGTGCTTATTTTACCTCCTTGCAAGGTTCTGTCGCAACCTTGTGCCCTGGCCAGCCATGGGTTAACTTGCCCATGGCTTGCTGAGTAGTGATCTTTTAGAGCAAGCTCTGGCACGCTGTTGTTTGAGGCAGCCTATATTGAGGCTATTTCAAATGACGTTGCTACAAGCTTGATGTGTCCTTCTGCGCCGTTGCGCATCCCATA,0.3677268665354948,0.01689558514522635,21,4,D2,0.003686918944693867
D2,AATGGCCCCCTGAACGCGCATTGCACTCTTGGGACTTCCTGAGAGTATGTTTGCTTCAGTGCTTATTTTACCTCCTTGCAAGGACCTTGTGCCCTGGCCAGCCACGGGTTAACTTGCCCATGGCTTGCTGAGTAGTGATCTTTTAGAGCAAGCTCTGGCACGCTGTTGTTTGAGGCAGCCTATATTGAGGCTATTTCAAATGACGTTGCTACAAGCTTGATGTGTCCTTCTGCGCCGTTGCGCATCCCATA,0.23747014663328633,0.02562335244453966,21,4,D2,0.005591473911220703
D4,AATGGCCCCCTGAACGCGCATTGCACTCTTGGGACTTCCTGAGAGTATGTTTGCTTCAGTGCTTATTTTACCTCCTTGCAAGGTTCTGTCGCAACCTTGTGCCCTGGCCAGCCACGGGTTAACTTGCCCATGGCTTGCTGAGTAGTGATCTTTTAGAGCAAGCTCTGGCACGCTGTTGTTTGAGGCAGCCTATATTGAGGCTATTTCAAATGACGTTGCTACAAGCTTGATGTGTCCTTCTGCGCCGTTGCGCATCCCATA,0.21767648624914412,0.007252355566928599,21,4,D2,0.0015825937310564133
D4c,AATGGCCCCCTGAACGCGCATTGCACTCTTGGGACTTCCTGAGAGTATGTTTGCTTCAGTGCTTATTTTACCTCCTTGCAAGGTTCTGTCGCAACCTTGTGCCCTGGCCAGCCACGGGTTAACTTGCCCATGGCTTGCTGAGTAGTGATCTTTTAGAGCAAGCTCTGGCACGCTGTTGTTTGAGGCAGCCTATATTGAGGCTATTTCAAATGACGTTGCTACAAGCTTGATGTGTCCTTCTGCGCTGTTGCGCATCCCATA,0.10343324042315392,0.004924377054353665,21,4,D2,0.0010745871715275876
D1fy,AATGGCCCCCTGAACGCGCATTGCACTCTTGGGACTTCCTGAGAGTATGTTTGCTTCAGTGCTTATTTTACCTCCTTGCAAGGTTCTGTCGCAACCTTGTGCCCTGGCCAGCCATGGGTTAACTTGCCCATGGCTTGCTGAGTAGTGATCTTTCAGAGCAAGCTCTGGCACGCTGTTGTTTGAGGCAGCCTATATTGAGGCTATTTCAAATGACGTTGCTACAAGCTTGATGTGTCCTTCTGCGCCGTTGCGCATCCCATA,0.017244947639129034,0.0020701844930942075,21,4,D2,4.517512924822853e-4
D6,AATGGCCCCCTGAACGCGCATTGCACTCTTGGGACTTCCTGAGAGTATGTTTGCTTCAGTGCTTATTTTACCTCCTTGCAAGGTTCTGTCGCAACCTTGTGCCCTGGCCAGCCACGCGTTAACTTGCCCATGGCTTGCTGAGTAGTGATCTTTTAGAGCAAGCTCTGGCACGCTGTTGTTTGAGGCAGCCTATATTGAGGCTATTTCAAATGACGTTGCTACAAGCTTGATGTGTCCTTCTGCGCCGTTGCGCATCCCATA,0.012337094022799271,0.0032053333346728527,21,4,D2,6.99461077795408e-4
D17,AATGGCCCCCTGAACGTGCATTGCACTCTTGGGACTTCCTGAGAGTATGTTTGCTTCAGTGCTTATTTTACCTCCTTGCAAGGTTCTGTCGCAACCTTGTGCCCTGGCCAGCCATGGGTTAACTTGCCCATGGCTTGCTGAGTAGTGATCTTTTAGAGCAAGCTCTGGCACGCTGTTGTTTGAGGCAGCCTATATTGAGGCTATTTCAAATGACGTTGCTACAAGCTTGATGTGTCCTTCTGCGCCGTTGCGCATCCCATA,0.010354632537475652,0.0019915486995053656,21,4,D2,4.3459155550829525e-4
D1ih,AAATGGCCCCCTGAACGCGCATTGCACTCTTGGGACTTCCTGAGAGTATGTTTGCTTCAGTGCTTATTTTACCTCCTTGCAAGGTTCTGTCGCAACCTTGTGCCCTGGCCAGCCATGGGTTAACTTGCCCATGGCTTGCTGAGTAGTGATCTTTTAGAGCAAGCTCTGGCACGCTGTTGTTTGAGGCAGCCTATATTGAGGCTATTTCAAATGACGTTGCTACAAGCTTGATGTGTCCTTCTGCGCCGTTGCGCATCCCAT,0.00931560224249281,0.0043134432951647825,11,3,D2,0.001300552087685073
D1h,AATGGCCCCCTGAACGCGCATTGCACTCTTGGGACTTCCTGAGAGTATGTTTGCTTCAGTGCTTATTTTACCTCCTTGCAAGGTTCTGTCGCAACCTTGTGCCCTGGCCAGCCATGGGTTAACTTGCCCATGGCTTGCTGAGTAGTGATCTTTTAGAGCAAGCTCTGGCACGCTGTTGTTTGAGGCAGCCTATATTGAGGCTATTTCAAATGACGTTGCTACAAGCTTGATGTGTCCTTCTGCGCTGTTGCGCATCCCATA,0.008560887157661571,0.0017490190058933818,21,4,D2,3.816672374487065e-4
19904_D,AATGGCCCCCTGAACGCGCATTGCACTCTTGGGACTTCCTGAGAGTATGTTTGCTTCAGTGCTTATTTTACCTCCTTGCAAGGTTCTGTCGCAACCTTGTGCCCTGGCCAGCCATGGGTTAACTTGCCCATGGCTTGCTGAGTAGTGATCTTTTAGAGCAAGCTCTGGCACGCTGTTGTTTGAGGCAGCCTATATTGAGGCTATTTCAAATGACGTTGCTACAAGCTTGATGTGTCCTTCTGCGCCGTTGCGCATTCCATA,0.008387180308926852,0.001927405931810664,20,4,D2,4.309810683764969e-4
3304_D,AATGGCCCCCTGAACGCGCATTGCACTCTTGGGACTTCCTGAGAGTATGTTTGCTTCAGTGCTTATTTTACCTCCTTGCAAGGACCTTGTGCCCTGGCCAGCCACGGGTTAACTTGCCCATGGCTTGCTGAGTAGTGATCTTTTAGAGCAAGCTCTGGCACGCTGTTGTTTGAGGCAGCCTATATTGAGGCTATTTCAAATGACGTTGCTACAAGCTTGATGTGTCCTTCTGCGCTGTTGCGCATCCCATA,0.007310056962829802,0.001705503529030524,21,4,D2,3.721713818950805e-4
D1as,AATGGCCCCCTGAACGCGCATTGCACTCTTGGGACTTCCTGAGAGTATGTTTGCTTCAGTGCTTATTTTACCTCCTTGCAAGGTTCTGTCGCAACCTTGTGCCCTGGCCAGCCATGGGTTAACTTGCCCATGGCTTGCTGAGTAGTGATCTTTTAGAGCAAGCTCTGGCACGCTGTTGTTTGAGGCAGCCTATATTGAGGCTATTTCAAATGACGTTGCTACAAGCTTGATGTGTCCTTCTGCGCCGCTGCGCATCCCATA,0.005546486724925108,9.172641440227189e-4,19,2,D2,2.104348267541247e-4
