plug_label,colony_id,treatment,bleach_treat,symbiont_treat,bleach_bath,tank,position,treat_tank,full,y,x,coord_plot
1,A,S_SS8,Severe,SS8,C,3,17,S_SS8_3,S_SS8_3_17,3,9,"3, 9"
2,A,M_SS8,Medium,SS8,A,1,8,M_SS8_1,M_SS8_1_8,2,4,"2, 4"
3,A,L_SS8,Low,SS8,B,2,31,L_SS8_2,L_SS8_2_31,6,2,"6, 2"
4,A,L_SS8,Low,SS8,A,1,7,L_SS8_1,L_SS8_1_7,2,2,"2, 2"
5,A,M_SS8,Medium,SS8,C,3,40,M_SS8_3,M_SS8_3_40,7,7,"7, 7"
6,A,S_RIC,Severe,RIC,B,2,40,S_RIC_2,S_RIC_2_40,7,7,"7, 7"
7,A,S_SD,Severe,SD,A,1,4,S_SD_1,S_SD_1_4,1,7,"1, 7"
8,A,M_SD,Medium,SD,C,3,31,M_SD_3,M_SD_3_31,6,2,"6, 2"
10,A,C,Control,C,D,1,32,C_1,C_1_32,6,4,"6, 4"
11,A,L_SS8,Low,SS8,C,3,3,L_SS8_3,L_SS8_3_3,1,5,"1, 5"
13,A,S_SD,Severe,SD,A,1,41,S_SD_1,S_SD_1_41,7,9,"7, 9"
14,A,M_SS8,Medium,SS8,C,3,21,M_SS8_3,M_SS8_3_21,4,6,"4, 6"
15,A,S_RIC,Severe,RIC,B,2,14,S_RIC_2,S_RIC_2_14,3,3,"3, 3"
16,A,S_SS8,Severe,SS8,B,2,38,S_SS8_2,S_SS8_2_38,7,3,"7, 3"
17,A,L_RIC,Low,RIC,A,1,28,L_RIC_1,L_RIC_1_28,5,7,"5, 7"
18,A,S_SS8,Severe,SS8,A,1,10,S_SS8_1,S_SS8_1_10,2,8,"2, 8"
20,A,S_SD,Severe,SD,C,3,16,S_SD_3,S_SD_3_16,3,7,"3, 7"
21,A,L_SD,Low,SD,A,1,27,L_SD_1,L_SD_1_27,5,5,"5, 5"
22,A,M_RIC,Medium,RIC,A,1,38,M_RIC_1,M_RIC_1_38,7,3,"7, 3"
23,A,M_RIC,Medium,RIC,B,2,2,M_RIC_2,M_RIC_2_2,1,3,"1, 3"
24,A,L_RIC,Low,RIC,B,2,39,L_RIC_2,L_RIC_2_39,7,5,"7, 5"
26,A,C,Control,C,D,1,21,C_1,C_1_21,4,6,"4, 6"
27,A,S_SD,Severe,SD,B,2,8,S_SD_2,S_SD_2_8,2,4,"2, 4"
28,A,S_SS8,Severe,SS8,A,1,23,S_SS8_1,S_SS8_1_23,4,10,"4, 10"
29,A,M_RIC,Medium,RIC,B,2,26,M_RIC_2,M_RIC_2_26,5,3,"5, 3"
30,A,L_SD,Low,SD,B,2,19,L_SD_2,L_SD_2_19,4,2,"4, 2"
31,A,M_RIC,Medium,RIC,C,3,17,M_RIC_3,M_RIC_3_17,3,9,"3, 9"
32,A,L_SD,Low,SD,B,2,27,L_SD_2,L_SD_2_27,5,5,"5, 5"
33,A,C,Control,C,D,2,3,C_2,C_2_3,1,5,"1, 5"
34,A,M_RIC,Medium,RIC,A,1,23,M_RIC_1,M_RIC_1_23,4,10,"4, 10"
37,A,M_SD,Medium,SD,C,3,19,M_SD_3,M_SD_3_19,4,2,"4, 2"
38,A,S_SS8,Severe,SS8,B,2,16,S_SS8_2,S_SS8_2_16,3,7,"3, 7"
39,A,L_SD,Low,SD,A,1,17,L_SD_1,L_SD_1_17,3,9,"3, 9"
40,A,L_SD,Low,SD,C,3,19,L_SD_3,L_SD_3_19,4,2,"4, 2"
41,A,S_SD,Severe,SD,B,2,1,S_SD_2,S_SD_2_1,1,1,"1, 1"
42,A,M_RIC,Medium,RIC,C,3,11,M_RIC_3,M_RIC_3_11,2,10,"2, 10"
43,A,L_SS8,Low,SS8,A,1,13,L_SS8_1,L_SS8_1_13,3,1,"3, 1"
44,A,M_SS8,Medium,SS8,C,3,10,M_SS8_3,M_SS8_3_10,2,8,"2, 8"
45,A,M_SD,Medium,SD,B,2,33,M_SD_2,M_SD_2_33,6,6,"6, 6"
46,A,M_RIC,Medium,RIC,C,3,31,M_RIC_3,M_RIC_3_31,6,2,"6, 2"
47,A,M_RIC,Medium,RIC,B,2,33,M_RIC_2,M_RIC_2_33,6,6,"6, 6"
49,A,M_SS8,Medium,SS8,A,1,42,M_SS8_1,M_SS8_1_42,7,11,"7, 11"
50,A,L_SD,Low,SD,C,3,26,L_SD_3,L_SD_3_26,5,3,"5, 3"
51,A,M_RIC,Medium,RIC,A,1,28,M_RIC_1,M_RIC_1_28,5,7,"5, 7"
52,A,S_RIC,Severe,RIC,B,2,36,S_RIC_2,S_RIC_2_36,6,12,"6, 12"
53,A,C,Control,C,D,2,8,C_2,C_2_8,2,4,"2, 4"
54,A,L_SS8,Low,SS8,A,1,17,L_SS8_1,L_SS8_1_17,3,9,"3, 9"
55,A,L_RIC,Low,RIC,A,1,11,L_RIC_1,L_RIC_1_11,2,10,"2, 10"
56,A,L_RIC,Low,RIC,A,1,41,L_RIC_1,L_RIC_1_41,7,9,"7, 9"
57,A,M_SS8,Medium,SS8,A,1,3,M_SS8_1,M_SS8_1_3,1,5,"1, 5"
58,A,M_SS8,Medium,SS8,B,2,30,M_SS8_2,M_SS8_2_30,5,11,"5, 11"
59,A,L_SD,Low,SD,C,3,28,L_SD_3,L_SD_3_28,5,7,"5, 7"
60,A,M_RIC,Medium,RIC,C,3,18,M_RIC_3,M_RIC_3_18,3,11,"3, 11"
61,A,L_SS8,Low,SS8,C,3,14,L_SS8_3,L_SS8_3_14,3,3,"3, 3"
62,A,L_RIC,Low,RIC,A,1,36,L_RIC_1,L_RIC_1_36,6,12,"6, 12"
63,A,S_SD,Severe,SD,B,2,31,S_SD_2,S_SD_2_31,6,2,"6, 2"
64,A,L_RIC,Low,RIC,A,1,6,L_RIC_1,L_RIC_1_6,1,11,"1, 11"
66,A,S_SS8,Severe,SS8,A,1,30,S_SS8_1,S_SS8_1_30,5,11,"5, 11"
67,A,M_RIC,Medium,RIC,B,2,8,M_RIC_2,M_RIC_2_8,2,4,"2, 4"
68,A,L_SS8,Low,SS8,A,1,8,L_SS8_1,L_SS8_1_8,2,4,"2, 4"
69,A,C,Control,C,D,3,28,C_3,C_3_28,5,7,"5, 7"
70,A,L_SS8,Low,SS8,C,3,32,L_SS8_3,L_SS8_3_32,6,4,"6, 4"
71,A,M_SD,Medium,SD,C,3,20,M_SD_3,M_SD_3_20,4,4,"4, 4"
72,A,L_SD,Low,SD,A,1,25,L_SD_1,L_SD_1_25,5,1,"5, 1"
73,A,M_SD,Medium,SD,C,3,42,M_SD_3,M_SD_3_42,7,11,"7, 11"
74,A,S_SD,Severe,SD,A,1,40,S_SD_1,S_SD_1_40,7,7,"7, 7"
75,A,S_RIC,Severe,RIC,C,3,16,S_RIC_3,S_RIC_3_16,3,7,"3, 7"
76,A,C,Control,C,D,2,23,C_2,C_2_23,4,10,"4, 10"
77,A,L_SS8,Low,SS8,B,2,35,L_SS8_2,L_SS8_2_35,6,10,"6, 10"
80,A,L_SD,Low,SD,C,3,42,L_SD_3,L_SD_3_42,7,11,"7, 11"
81,A,S_RIC,Severe,RIC,C,3,5,S_RIC_3,S_RIC_3_5,1,9,"1, 9"
82,A,M_RIC,Medium,RIC,A,1,6,M_RIC_1,M_RIC_1_6,1,11,"1, 11"
83,A,L_RIC,Low,RIC,B,2,30,L_RIC_2,L_RIC_2_30,5,11,"5, 11"
84,A,M_SS8,Medium,SS8,C,3,28,M_SS8_3,M_SS8_3_28,5,7,"5, 7"
85,A,C,Control,C,D,2,19,C_2,C_2_19,4,2,"4, 2"
86,A,S_SS8,Severe,SS8,C,3,22,S_SS8_3,S_SS8_3_22,4,8,"4, 8"
87,A,L_SD,Low,SD,A,1,4,L_SD_1,L_SD_1_4,1,7,"1, 7"
88,A,C,Control,C,D,2,35,C_2,C_2_35,6,10,"6, 10"
89,A,L_SS8,Low,SS8,C,3,18,L_SS8_3,L_SS8_3_18,3,11,"3, 11"
90,A,S_SD,Severe,SD,B,2,20,S_SD_2,S_SD_2_20,4,4,"4, 4"
91,A,C,Control,C,D,3,36,C_3,C_3_36,6,12,"6, 12"
92,A,L_SS8,Low,SS8,B,2,24,L_SS8_2,L_SS8_2_24,4,12,"4, 12"
94,A,C,Control,C,D,3,34,C_3,C_3_34,6,8,"6, 8"
95,A,M_SS8,Medium,SS8,B,2,4,M_SS8_2,M_SS8_2_4,1,7,"1, 7"
96,A,S_SD,Severe,SD,A,1,15,S_SD_1,S_SD_1_15,3,5,"3, 5"
97,A,C,Control,C,D,3,39,C_3,C_3_39,7,5,"7, 5"
98,A,S_SS8,Severe,SS8,C,3,1,S_SS8_3,S_SS8_3_1,1,1,"1, 1"
99,A,S_RIC,Severe,RIC,C,3,40,S_RIC_3,S_RIC_3_40,7,7,"7, 7"
100,A,L_SD,Low,SD,C,3,38,L_SD_3,L_SD_3_38,7,3,"7, 3"
104,A,M_SD,Medium,SD,A,1,9,M_SD_1,M_SD_1_9,2,6,"2, 6"
105,A,C,Control,C,D,3,24,C_3,C_3_24,4,12,"4, 12"
106,A,C,Control,C,D,3,18,C_3,C_3_18,3,11,"3, 11"
107,A,S_RIC,Severe,RIC,C,3,33,S_RIC_3,S_RIC_3_33,6,6,"6, 6"
108,A,S_SS8,Severe,SS8,A,1,24,S_SS8_1,S_SS8_1_24,4,12,"4, 12"
109,A,M_SD,Medium,SD,B,2,15,M_SD_2,M_SD_2_15,3,5,"3, 5"
110,A,C,Control,C,D,3,2,C_3,C_3_2,1,3,"1, 3"
111,A,M_SD,Medium,SD,C,3,28,M_SD_3,M_SD_3_28,5,7,"5, 7"
112,A,S_SS8,Severe,SS8,B,2,33,S_SS8_2,S_SS8_2_33,6,6,"6, 6"
113,A,L_SD,Low,SD,A,1,35,L_SD_1,L_SD_1_35,6,10,"6, 10"
114,A,S_RIC,Severe,RIC,A,1,37,S_RIC_1,S_RIC_1_37,7,1,"7, 1"
115,A,S_SS8,Severe,SS8,C,3,35,S_SS8_3,S_SS8_3_35,6,10,"6, 10"
116,A,C,Control,C,D,3,29,C_3,C_3_29,5,9,"5, 9"
117,A,C,Control,C,D,2,41,C_2,C_2_41,7,9,"7, 9"
118,A,M_SS8,Medium,SS8,C,3,19,M_SS8_3,M_SS8_3_19,4,2,"4, 2"
119,A,M_SD,Medium,SD,C,3,25,M_SD_3,M_SD_3_25,5,1,"5, 1"
120,A,S_SD,Severe,SD,A,1,27,S_SD_1,S_SD_1_27,5,5,"5, 5"
121,A,S_RIC,Severe,RIC,C,3,18,S_RIC_3,S_RIC_3_18,3,11,"3, 11"
122,A,C,Control,C,D,2,37,C_2,C_2_37,7,1,"7, 1"
123,A,L_RIC,Low,RIC,C,3,33,L_RIC_3,L_RIC_3_33,6,6,"6, 6"
124,A,M_SD,Medium,SD,C,3,9,M_SD_3,M_SD_3_9,2,6,"2, 6"
125,A,C,Control,C,D,3,8,C_3,C_3_8,2,4,"2, 4"
126,A,M_SD,Medium,SD,B,2,40,M_SD_2,M_SD_2_40,7,7,"7, 7"
127,A,S_SS8,Severe,SS8,B,2,14,S_SS8_2,S_SS8_2_14,3,3,"3, 3"
128,A,L_RIC,Low,RIC,B,2,36,L_RIC_2,L_RIC_2_36,6,12,"6, 12"
129,A,M_SS8,Medium,SS8,A,1,37,M_SS8_1,M_SS8_1_37,7,1,"7, 1"
130,A,M_RIC,Medium,RIC,A,1,34,M_RIC_1,M_RIC_1_34,6,8,"6, 8"
131,A,C,Control,C,D,2,4,C_2,C_2_4,1,7,"1, 7"
132,A,S_RIC,Severe,RIC,C,3,32,S_RIC_3,S_RIC_3_32,6,4,"6, 4"
133,A,C,Control,C,D,1,5,C_1,C_1_5,1,9,"1, 9"
134,A,S_SD,Severe,SD,A,1,18,S_SD_1,S_SD_1_18,3,11,"3, 11"
135,A,M_SD,Medium,SD,C,3,34,M_SD_3,M_SD_3_34,6,8,"6, 8"
136,A,M_SD,Medium,SD,A,1,19,M_SD_1,M_SD_1_19,4,2,"4, 2"
137,A,S_SD,Severe,SD,C,3,22,S_SD_3,S_SD_3_22,4,8,"4, 8"
138,A,C,Control,C,D,1,17,C_1,C_1_17,3,9,"3, 9"
141,A,S_SD,Severe,SD,A,1,6,S_SD_1,S_SD_1_6,1,11,"1, 11"
142,A,M_SS8,Medium,SS8,C,3,39,M_SS8_3,M_SS8_3_39,7,5,"7, 5"
143,A,L_RIC,Low,RIC,B,2,12,L_RIC_2,L_RIC_2_12,2,12,"2, 12"
144,A,S_SS8,Severe,SS8,B,2,40,S_SS8_2,S_SS8_2_40,7,7,"7, 7"
145,A,L_RIC,Low,RIC,B,2,33,L_RIC_2,L_RIC_2_33,6,6,"6, 6"
146,A,S_RIC,Severe,RIC,A,1,32,S_RIC_1,S_RIC_1_32,6,4,"6, 4"
148,A,S_SS8,Severe,SS8,A,1,11,S_SS8_1,S_SS8_1_11,2,10,"2, 10"
149,A,L_RIC,Low,RIC,B,2,4,L_RIC_2,L_RIC_2_4,1,7,"1, 7"
150,A,M_SD,Medium,SD,B,2,30,M_SD_2,M_SD_2_30,5,11,"5, 11"
151,A,M_SS8,Medium,SS8,B,2,16,M_SS8_2,M_SS8_2_16,3,7,"3, 7"
153,A,M_SS8,Medium,SS8,B,2,2,M_SS8_2,M_SS8_2_2,1,3,"1, 3"
154,A,L_SS8,Low,SS8,A,1,14,L_SS8_1,L_SS8_1_14,3,3,"3, 3"
155,A,S_SD,Severe,SD,B,2,26,S_SD_2,S_SD_2_26,5,3,"5, 3"
156,A,L_SD,Low,SD,C,3,13,L_SD_3,L_SD_3_13,3,1,"3, 1"
157,A,M_SD,Medium,SD,B,2,3,M_SD_2,M_SD_2_3,1,5,"1, 5"
158,A,S_RIC,Severe,RIC,C,3,37,S_RIC_3,S_RIC_3_37,7,1,"7, 1"
159,A,L_SS8,Low,SS8,A,1,11,L_SS8_1,L_SS8_1_11,2,10,"2, 10"
160,A,L_SS8,Low,SS8,A,1,12,L_SS8_1,L_SS8_1_12,2,12,"2, 12"
161,A,S_SS8,Severe,SS8,A,1,12,S_SS8_1,S_SS8_1_12,2,12,"2, 12"
162,A,L_SD,Low,SD,A,1,39,L_SD_1,L_SD_1_39,7,5,"7, 5"
163,A,L_SD,Low,SD,C,3,34,L_SD_3,L_SD_3_34,6,8,"6, 8"
164,A,S_SD,Severe,SD,A,1,23,S_SD_1,S_SD_1_23,4,10,"4, 10"
165,A,L_RIC,Low,RIC,A,1,32,L_RIC_1,L_RIC_1_32,6,4,"6, 4"
166,A,M_RIC,Medium,RIC,A,1,39,M_RIC_1,M_RIC_1_39,7,5,"7, 5"
167,A,S_RIC,Severe,RIC,C,3,20,S_RIC_3,S_RIC_3_20,4,4,"4, 4"
168,A,L_RIC,Low,RIC,A,1,1,L_RIC_1,L_RIC_1_1,1,1,"1, 1"
169,A,M_RIC,Medium,RIC,B,2,13,M_RIC_2,M_RIC_2_13,3,1,"3, 1"
171,A,M_SS8,Medium,SS8,A,1,25,M_SS8_1,M_SS8_1_25,5,1,"5, 1"
172,A,L_RIC,Low,RIC,B,2,40,L_RIC_2,L_RIC_2_40,7,7,"7, 7"
173,A,L_SS8,Low,SS8,A,1,15,L_SS8_1,L_SS8_1_15,3,5,"3, 5"
174,A,S_RIC,Severe,RIC,A,1,24,S_RIC_1,S_RIC_1_24,4,12,"4, 12"
175,A,S_RIC,Severe,RIC,B,2,10,S_RIC_2,S_RIC_2_10,2,8,"2, 8"
177,B,C,Control,C,D,2,15,C_2,C_2_15,3,5,"3, 5"
178,B,C,Control,C,D,1,13,C_1,C_1_13,3,1,"3, 1"
179,B,S_SD,Severe,SD,B,2,4,S_SD_2,S_SD_2_4,1,7,"1, 7"
180,B,S_RIC,Severe,RIC,C,3,21,S_RIC_3,S_RIC_3_21,4,6,"4, 6"
181,B,L_SS8,Low,SS8,A,1,31,L_SS8_1,L_SS8_1_31,6,2,"6, 2"
182,B,M_RIC,Medium,RIC,A,1,4,M_RIC_1,M_RIC_1_4,1,7,"1, 7"
183,B,M_RIC,Medium,RIC,A,1,1,M_RIC_1,M_RIC_1_1,1,1,"1, 1"
184,B,S_SD,Severe,SD,B,2,32,S_SD_2,S_SD_2_32,6,4,"6, 4"
185,B,M_SS8,Medium,SS8,A,1,40,M_SS8_1,M_SS8_1_40,7,7,"7, 7"
186,B,L_SD,Low,SD,B,2,16,L_SD_2,L_SD_2_16,3,7,"3, 7"
187,B,L_SD,Low,SD,C,3,9,L_SD_3,L_SD_3_9,2,6,"2, 6"
188,B,M_SD,Medium,SD,A,1,11,M_SD_1,M_SD_1_11,2,10,"2, 10"
189,B,S_SS8,Severe,SS8,A,1,34,S_SS8_1,S_SS8_1_34,6,8,"6, 8"
190,B,L_RIC,Low,RIC,B,2,16,L_RIC_2,L_RIC_2_16,3,7,"3, 7"
191,B,M_RIC,Medium,RIC,A,1,15,M_RIC_1,M_RIC_1_15,3,5,"3, 5"
192,B,L_SD,Low,SD,C,3,33,L_SD_3,L_SD_3_33,6,6,"6, 6"
193,B,S_RIC,Severe,RIC,C,3,38,S_RIC_3,S_RIC_3_38,7,3,"7, 3"
194,B,L_SD,Low,SD,B,2,10,L_SD_2,L_SD_2_10,2,8,"2, 8"
195,B,S_SD,Severe,SD,C,3,30,S_SD_3,S_SD_3_30,5,11,"5, 11"
196,B,M_RIC,Medium,RIC,A,1,14,M_RIC_1,M_RIC_1_14,3,3,"3, 3"
197,B,L_RIC,Low,RIC,B,2,35,L_RIC_2,L_RIC_2_35,6,10,"6, 10"
198,B,L_SS8,Low,SS8,B,2,27,L_SS8_2,L_SS8_2_27,5,5,"5, 5"
199,B,L_SS8,Low,SS8,B,2,40,L_SS8_2,L_SS8_2_40,7,7,"7, 7"
200,B,L_RIC,Low,RIC,A,1,39,L_RIC_1,L_RIC_1_39,7,5,"7, 5"
201,B,L_RIC,Low,RIC,A,1,2,L_RIC_1,L_RIC_1_2,1,3,"1, 3"
202,B,M_SS8,Medium,SS8,B,2,15,M_SS8_2,M_SS8_2_15,3,5,"3, 5"
203,B,M_RIC,Medium,RIC,B,2,1,M_RIC_2,M_RIC_2_1,1,1,"1, 1"
204,B,L_SD,Low,SD,C,3,23,L_SD_3,L_SD_3_23,4,10,"4, 10"
205,B,S_SS8,Severe,SS8,C,3,29,S_SS8_3,S_SS8_3_29,5,9,"5, 9"
206,B,S_RIC,Severe,RIC,A,1,26,S_RIC_1,S_RIC_1_26,5,3,"5, 3"
207,B,S_SD,Severe,SD,C,3,13,S_SD_3,S_SD_3_13,3,1,"3, 1"
208,B,C,Control,C,D,1,11,C_1,C_1_11,2,10,"2, 10"
209,B,S_SD,Severe,SD,C,3,2,S_SD_3,S_SD_3_2,1,3,"1, 3"
210,B,S_SS8,Severe,SS8,B,2,8,S_SS8_2,S_SS8_2_8,2,4,"2, 4"
211,B,S_SS8,Severe,SS8,B,2,6,S_SS8_2,S_SS8_2_6,1,11,"1, 11"
212,B,S_SD,Severe,SD,C,3,42,S_SD_3,S_SD_3_42,7,11,"7, 11"
213,B,L_RIC,Low,RIC,A,1,8,L_RIC_1,L_RIC_1_8,2,4,"2, 4"
214,B,M_SD,Medium,SD,C,3,23,M_SD_3,M_SD_3_23,4,10,"4, 10"
215,B,C,Control,C,D,1,16,C_1,C_1_16,3,7,"3, 7"
216,B,L_SD,Low,SD,A,1,31,L_SD_1,L_SD_1_31,6,2,"6, 2"
217,B,L_SD,Low,SD,A,1,18,L_SD_1,L_SD_1_18,3,11,"3, 11"
218,B,C,Control,C,D,3,6,C_3,C_3_6,1,11,"1, 11"
219,B,L_RIC,Low,RIC,B,2,38,L_RIC_2,L_RIC_2_38,7,3,"7, 3"
220,B,S_SD,Severe,SD,A,1,12,S_SD_1,S_SD_1_12,2,12,"2, 12"
221,B,S_SS8,Severe,SS8,C,3,15,S_SS8_3,S_SS8_3_15,3,5,"3, 5"
222,B,S_SS8,Severe,SS8,B,2,5,S_SS8_2,S_SS8_2_5,1,9,"1, 9"
223,B,S_RIC,Severe,RIC,A,1,38,S_RIC_1,S_RIC_1_38,7,3,"7, 3"
224,B,M_SD,Medium,SD,C,3,17,M_SD_3,M_SD_3_17,3,9,"3, 9"
225,B,M_RIC,Medium,RIC,B,2,16,M_RIC_2,M_RIC_2_16,3,7,"3, 7"
226,B,S_SD,Severe,SD,A,1,26,S_SD_1,S_SD_1_26,5,3,"5, 3"
227,B,S_SD,Severe,SD,C,3,39,S_SD_3,S_SD_3_39,7,5,"7, 5"
228,B,S_SD,Severe,SD,A,1,25,S_SD_1,S_SD_1_25,5,1,"5, 1"
229,B,L_SD,Low,SD,B,2,28,L_SD_2,L_SD_2_28,5,7,"5, 7"
230,B,M_SS8,Medium,SS8,C,3,11,M_SS8_3,M_SS8_3_11,2,10,"2, 10"
231,B,M_SS8,Medium,SS8,A,1,1,M_SS8_1,M_SS8_1_1,1,1,"1, 1"
232,B,L_SS8,Low,SS8,C,3,15,L_SS8_3,L_SS8_3_15,3,5,"3, 5"
233,B,M_SS8,Medium,SS8,B,2,13,M_SS8_2,M_SS8_2_13,3,1,"3, 1"
234,B,L_SS8,Low,SS8,B,2,20,L_SS8_2,L_SS8_2_20,4,4,"4, 4"
235,B,C,Control,C,D,1,27,C_1,C_1_27,5,5,"5, 5"
236,B,C,Control,C,D,1,37,C_1,C_1_37,7,1,"7, 1"
237,B,C,Control,C,D,2,26,C_2,C_2_26,5,3,"5, 3"
238,B,S_RIC,Severe,RIC,B,2,7,S_RIC_2,S_RIC_2_7,2,2,"2, 2"
239,B,M_SS8,Medium,SS8,A,1,15,M_SS8_1,M_SS8_1_15,3,5,"3, 5"
240,B,S_RIC,Severe,RIC,A,1,13,S_RIC_1,S_RIC_1_13,3,1,"3, 1"
241,B,M_SS8,Medium,SS8,B,2,29,M_SS8_2,M_SS8_2_29,5,9,"5, 9"
242,B,S_RIC,Severe,RIC,B,2,24,S_RIC_2,S_RIC_2_24,4,12,"4, 12"
243,B,L_SD,Low,SD,B,2,35,L_SD_2,L_SD_2_35,6,10,"6, 10"
244,B,M_SS8,Medium,SS8,B,2,14,M_SS8_2,M_SS8_2_14,3,3,"3, 3"
245,B,L_SS8,Low,SS8,C,3,42,L_SS8_3,L_SS8_3_42,7,11,"7, 11"
246,B,M_RIC,Medium,RIC,B,2,24,M_RIC_2,M_RIC_2_24,4,12,"4, 12"
247,B,C,Control,C,D,3,40,C_3,C_3_40,7,7,"7, 7"
248,B,M_SS8,Medium,SS8,A,1,9,M_SS8_1,M_SS8_1_9,2,6,"2, 6"
249,B,L_SS8,Low,SS8,A,1,32,L_SS8_1,L_SS8_1_32,6,4,"6, 4"
250,B,M_SS8,Medium,SS8,A,1,21,M_SS8_1,M_SS8_1_21,4,6,"4, 6"
251,B,C,Control,C,D,2,12,C_2,C_2_12,2,12,"2, 12"
252,B,L_SD,Low,SD,A,1,15,L_SD_1,L_SD_1_15,3,5,"3, 5"
253,B,M_SD,Medium,SD,A,1,20,M_SD_1,M_SD_1_20,4,4,"4, 4"
255,B,M_SD,Medium,SD,C,3,12,M_SD_3,M_SD_3_12,2,12,"2, 12"
256,B,S_SS8,Severe,SS8,A,1,21,S_SS8_1,S_SS8_1_21,4,6,"4, 6"
257,B,M_SD,Medium,SD,A,1,38,M_SD_1,M_SD_1_38,7,3,"7, 3"
258,B,M_SD,Medium,SD,C,3,32,M_SD_3,M_SD_3_32,6,4,"6, 4"
259,B,M_RIC,Medium,RIC,B,2,6,M_RIC_2,M_RIC_2_6,1,11,"1, 11"
260,B,S_SS8,Severe,SS8,A,1,6,S_SS8_1,S_SS8_1_6,1,11,"1, 11"
261,B,S_RIC,Severe,RIC,B,2,28,S_RIC_2,S_RIC_2_28,5,7,"5, 7"
262,B,M_SS8,Medium,SS8,A,1,16,M_SS8_1,M_SS8_1_16,3,7,"3, 7"
263,B,L_RIC,Low,RIC,C,3,10,L_RIC_3,L_RIC_3_10,2,8,"2, 8"
264,B,C,Control,C,D,3,13,C_3,C_3_13,3,1,"3, 1"
265,B,S_RIC,Severe,RIC,A,1,3,S_RIC_1,S_RIC_1_3,1,5,"1, 5"
266,B,S_RIC,Severe,RIC,B,2,6,S_RIC_2,S_RIC_2_6,1,11,"1, 11"
267,B,L_RIC,Low,RIC,B,2,34,L_RIC_2,L_RIC_2_34,6,8,"6, 8"
268,B,L_RIC,Low,RIC,C,3,40,L_RIC_3,L_RIC_3_40,7,7,"7, 7"
269,B,L_RIC,Low,RIC,C,3,30,L_RIC_3,L_RIC_3_30,5,11,"5, 11"
270,B,L_SS8,Low,SS8,A,1,27,L_SS8_1,L_SS8_1_27,5,5,"5, 5"
271,B,M_SD,Medium,SD,B,2,6,M_SD_2,M_SD_2_6,1,11,"1, 11"
272,B,S_SS8,Severe,SS8,C,3,19,S_SS8_3,S_SS8_3_19,4,2,"4, 2"
273,B,C,Control,C,D,3,7,C_3,C_3_7,2,2,"2, 2"
274,B,S_RIC,Severe,RIC,C,3,29,S_RIC_3,S_RIC_3_29,5,9,"5, 9"
275,B,S_SD,Severe,SD,C,3,38,S_SD_3,S_SD_3_38,7,3,"7, 3"
276,B,L_SD,Low,SD,B,2,33,L_SD_2,L_SD_2_33,6,6,"6, 6"
277,B,S_SS8,Severe,SS8,A,1,4,S_SS8_1,S_SS8_1_4,1,7,"1, 7"
278,B,M_SD,Medium,SD,A,1,21,M_SD_1,M_SD_1_21,4,6,"4, 6"
279,B,M_RIC,Medium,RIC,C,3,21,M_RIC_3,M_RIC_3_21,4,6,"4, 6"
280,B,L_SD,Low,SD,A,1,2,L_SD_1,L_SD_1_2,1,3,"1, 3"
281,B,S_RIC,Severe,RIC,B,2,1,S_RIC_2,S_RIC_2_1,1,1,"1, 1"
282,B,M_SS8,Medium,SS8,A,1,13,M_SS8_1,M_SS8_1_13,3,1,"3, 1"
283,B,M_RIC,Medium,RIC,A,1,31,M_RIC_1,M_RIC_1_31,6,2,"6, 2"
284,B,L_RIC,Low,RIC,A,1,21,L_RIC_1,L_RIC_1_21,4,6,"4, 6"
285,B,M_RIC,Medium,RIC,C,3,42,M_RIC_3,M_RIC_3_42,7,11,"7, 11"
286,B,M_RIC,Medium,RIC,A,1,19,M_RIC_1,M_RIC_1_19,4,2,"4, 2"
287,B,L_SS8,Low,SS8,A,1,38,L_SS8_1,L_SS8_1_38,7,3,"7, 3"
288,B,S_SS8,Severe,SS8,A,1,8,S_SS8_1,S_SS8_1_8,2,4,"2, 4"
289,B,L_RIC,Low,RIC,A,1,25,L_RIC_1,L_RIC_1_25,5,1,"5, 1"
290,B,M_RIC,Medium,RIC,C,3,32,M_RIC_3,M_RIC_3_32,6,4,"6, 4"
291,B,L_RIC,Low,RIC,B,2,25,L_RIC_2,L_RIC_2_25,5,1,"5, 1"
292,B,L_SS8,Low,SS8,C,3,11,L_SS8_3,L_SS8_3_11,2,10,"2, 10"
293,B,S_SD,Severe,SD,A,1,11,S_SD_1,S_SD_1_11,2,10,"2, 10"
294,B,M_SS8,Medium,SS8,B,2,24,M_SS8_2,M_SS8_2_24,4,12,"4, 12"
295,B,M_SS8,Medium,SS8,B,2,25,M_SS8_2,M_SS8_2_25,5,1,"5, 1"
296,B,C,Control,C,D,3,35,C_3,C_3_35,6,10,"6, 10"
297,B,L_SD,Low,SD,B,2,5,L_SD_2,L_SD_2_5,1,9,"1, 9"
298,B,L_SS8,Low,SS8,B,2,36,L_SS8_2,L_SS8_2_36,6,12,"6, 12"
299,B,C,Control,C,D,1,24,C_1,C_1_24,4,12,"4, 12"
300,B,L_RIC,Low,RIC,B,2,29,L_RIC_2,L_RIC_2_29,5,9,"5, 9"
301,B,L_SD,Low,SD,A,1,11,L_SD_1,L_SD_1_11,2,10,"2, 10"
302,B,L_SS8,Low,SS8,C,3,10,L_SS8_3,L_SS8_3_10,2,8,"2, 8"
303,B,S_SD,Severe,SD,C,3,24,S_SD_3,S_SD_3_24,4,12,"4, 12"
304,B,M_SD,Medium,SD,C,3,8,M_SD_3,M_SD_3_8,2,4,"2, 4"
305,B,L_SS8,Low,SS8,B,2,33,L_SS8_2,L_SS8_2_33,6,6,"6, 6"
306,B,M_RIC,Medium,RIC,A,1,36,M_RIC_1,M_RIC_1_36,6,12,"6, 12"
307,B,S_SS8,Severe,SS8,B,2,27,S_SS8_2,S_SS8_2_27,5,5,"5, 5"
308,B,M_SD,Medium,SD,A,1,2,M_SD_1,M_SD_1_2,1,3,"1, 3"
309,B,M_SD,Medium,SD,C,3,37,M_SD_3,M_SD_3_37,7,1,"7, 1"
310,B,C,Control,C,D,3,26,C_3,C_3_26,5,3,"5, 3"
311,B,M_SD,Medium,SD,B,2,1,M_SD_2,M_SD_2_1,1,1,"1, 1"
312,B,S_SD,Severe,SD,C,3,40,S_SD_3,S_SD_3_40,7,7,"7, 7"
313,B,L_SS8,Low,SS8,C,3,5,L_SS8_3,L_SS8_3_5,1,9,"1, 9"
314,B,C,Control,C,D,3,31,C_3,C_3_31,6,2,"6, 2"
315,B,M_SD,Medium,SD,B,2,14,M_SD_2,M_SD_2_14,3,3,"3, 3"
316,B,S_SD,Severe,SD,C,3,29,S_SD_3,S_SD_3_29,5,9,"5, 9"
317,B,S_RIC,Severe,RIC,C,3,11,S_RIC_3,S_RIC_3_11,2,10,"2, 10"
318,B,M_SS8,Medium,SS8,A,1,14,M_SS8_1,M_SS8_1_14,3,3,"3, 3"
319,B,S_SS8,Severe,SS8,C,3,23,S_SS8_3,S_SS8_3_23,4,10,"4, 10"
320,B,S_SS8,Severe,SS8,B,2,1,S_SS8_2,S_SS8_2_1,1,1,"1, 1"
321,B,S_RIC,Severe,RIC,C,3,9,S_RIC_3,S_RIC_3_9,2,6,"2, 6"
322,B,M_SD,Medium,SD,C,3,35,M_SD_3,M_SD_3_35,6,10,"6, 10"
323,B,L_SD,Low,SD,C,3,5,L_SD_3,L_SD_3_5,1,9,"1, 9"
324,B,C,Control,C,D,2,10,C_2,C_2_10,2,8,"2, 8"
325,B,C,Control,C,D,1,1,C_1,C_1_1,1,1,"1, 1"
325,B,L_RIC,Low,RIC,A,1,20,L_RIC_1,L_RIC_1_20,4,4,"4, 4"
326,B,S_RIC,Severe,RIC,A,1,1,S_RIC_1,S_RIC_1_1,1,1,"1, 1"
327,B,L_SS8,Low,SS8,C,3,41,L_SS8_3,L_SS8_3_41,7,9,"7, 9"
328,B,C,Control,C,D,1,29,C_1,C_1_29,5,9,"5, 9"
329,B,S_SS8,Severe,SS8,B,2,11,S_SS8_2,S_SS8_2_11,2,10,"2, 10"
330,B,C,Control,C,D,2,32,C_2,C_2_32,6,4,"6, 4"
330,B,M_RIC,Medium,RIC,C,3,38,M_RIC_3,M_RIC_3_38,7,3,"7, 3"
331,C,S_SD,Severe,SD,C,3,20,S_SD_3,S_SD_3_20,4,4,"4, 4"
333,C,S_RIC,Severe,RIC,A,1,23,S_RIC_1,S_RIC_1_23,4,10,"4, 10"
334,C,L_SD,Low,SD,A,1,40,L_SD_1,L_SD_1_40,7,7,"7, 7"
335,C,S_RIC,Severe,RIC,C,3,36,S_RIC_3,S_RIC_3_36,6,12,"6, 12"
336,C,L_RIC,Low,RIC,C,3,36,L_RIC_3,L_RIC_3_36,6,12,"6, 12"
337,C,L_SS8,Low,SS8,A,1,36,L_SS8_1,L_SS8_1_36,6,12,"6, 12"
338,C,L_SD,Low,SD,A,1,26,L_SD_1,L_SD_1_26,5,3,"5, 3"
340,C,S_RIC,Severe,RIC,B,2,38,S_RIC_2,S_RIC_2_38,7,3,"7, 3"
341,C,L_SS8,Low,SS8,A,1,20,L_SS8_1,L_SS8_1_20,4,4,"4, 4"
342,C,L_SD,Low,SD,C,3,17,L_SD_3,L_SD_3_17,3,9,"3, 9"
343,C,M_RIC,Medium,RIC,A,1,24,M_RIC_1,M_RIC_1_24,4,12,"4, 12"
347,C,L_SS8,Low,SS8,B,2,13,L_SS8_2,L_SS8_2_13,3,1,"3, 1"
348,C,S_RIC,Severe,RIC,B,2,8,S_RIC_2,S_RIC_2_8,2,4,"2, 4"
349,C,C,Control,C,D,2,16,C_2,C_2_16,3,7,"3, 7"
350,C,M_SD,Medium,SD,C,3,1,M_SD_3,M_SD_3_1,1,1,"1, 1"
353,C,L_RIC,Low,RIC,A,1,27,L_RIC_1,L_RIC_1_27,5,5,"5, 5"
354,C,C,Control,C,D,3,22,C_3,C_3_22,4,8,"4, 8"
357,C,S_SD,Severe,SD,C,3,5,S_SD_3,S_SD_3_5,1,9,"1, 9"
359,C,M_SS8,Medium,SS8,C,3,30,M_SS8_3,M_SS8_3_30,5,11,"5, 11"
361,C,L_SS8,Low,SS8,B,2,42,L_SS8_2,L_SS8_2_42,7,11,"7, 11"
364,C,M_SD,Medium,SD,B,2,42,M_SD_2,M_SD_2_42,7,11,"7, 11"
366,C,M_SS8,Medium,SS8,A,1,20,M_SS8_1,M_SS8_1_20,4,4,"4, 4"
368,C,S_SD,Severe,SD,B,2,25,S_SD_2,S_SD_2_25,5,1,"5, 1"
369,C,M_RIC,Medium,RIC,A,1,9,M_RIC_1,M_RIC_1_9,2,6,"2, 6"
372,C,M_RIC,Medium,RIC,C,3,39,M_RIC_3,M_RIC_3_39,7,5,"7, 5"
373,C,C,Control,C,D,3,30,C_3,C_3_30,5,11,"5, 11"
374,C,S_SS8,Severe,SS8,C,3,39,S_SS8_3,S_SS8_3_39,7,5,"7, 5"
375,C,M_SD,Medium,SD,A,1,33,M_SD_1,M_SD_1_33,6,6,"6, 6"
378,C,S_SS8,Severe,SS8,C,3,2,S_SS8_3,S_SS8_3_2,1,3,"1, 3"
384,C,S_RIC,Severe,RIC,B,2,26,S_RIC_2,S_RIC_2_26,5,3,"5, 3"
385,C,C,Control,C,D,1,2,C_1,C_1_2,1,3,"1, 3"
386,C,M_SD,Medium,SD,C,3,2,M_SD_3,M_SD_3_2,1,3,"1, 3"
387,C,M_RIC,Medium,RIC,B,2,32,M_RIC_2,M_RIC_2_32,6,4,"6, 4"
388,C,M_SD,Medium,SD,B,2,23,M_SD_2,M_SD_2_23,4,10,"4, 10"
390,C,C,Control,C,D,2,30,C_2,C_2_30,5,11,"5, 11"
391,C,L_SD,Low,SD,B,2,20,L_SD_2,L_SD_2_20,4,4,"4, 4"
392,C,S_RIC,Severe,RIC,C,3,25,S_RIC_3,S_RIC_3_25,5,1,"5, 1"
394,C,M_SS8,Medium,SS8,A,1,36,M_SS8_1,M_SS8_1_36,6,12,"6, 12"
395,C,S_SD,Severe,SD,A,1,7,S_SD_1,S_SD_1_7,2,2,"2, 2"
398,C,S_SD,Severe,SD,C,3,33,S_SD_3,S_SD_3_33,6,6,"6, 6"
399,C,S_RIC,Severe,RIC,A,1,42,S_RIC_1,S_RIC_1_42,7,11,"7, 11"
401,C,M_SS8,Medium,SS8,A,1,33,M_SS8_1,M_SS8_1_33,6,6,"6, 6"
402,C,C,Control,C,D,3,14,C_3,C_3_14,3,3,"3, 3"
403,C,S_SD,Severe,SD,B,2,28,S_SD_2,S_SD_2_28,5,7,"5, 7"
404,C,S_RIC,Severe,RIC,C,3,28,S_RIC_3,S_RIC_3_28,5,7,"5, 7"
407,C,S_SS8,Severe,SS8,C,3,20,S_SS8_3,S_SS8_3_20,4,4,"4, 4"
408,C,C,Control,C,D,2,17,C_2,C_2_17,3,9,"3, 9"
410,C,S_SD,Severe,SD,C,3,36,S_SD_3,S_SD_3_36,6,12,"6, 12"
412,C,C,Control,C,D,1,23,C_1,C_1_23,4,10,"4, 10"
413,C,L_RIC,Low,RIC,A,1,5,L_RIC_1,L_RIC_1_5,1,9,"1, 9"
414,C,S_SD,Severe,SD,A,1,42,S_SD_1,S_SD_1_42,7,11,"7, 11"
417,C,C,Control,C,D,1,40,C_1,C_1_40,7,7,"7, 7"
418,C,L_SS8,Low,SS8,C,3,4,L_SS8_3,L_SS8_3_4,1,7,"1, 7"
421,C,L_SS8,Low,SS8,C,3,39,L_SS8_3,L_SS8_3_39,7,5,"7, 5"
424,C,M_RIC,Medium,RIC,C,3,29,M_RIC_3,M_RIC_3_29,5,9,"5, 9"
428,C,M_SD,Medium,SD,B,2,21,M_SD_2,M_SD_2_21,4,6,"4, 6"
429,C,S_RIC,Severe,RIC,A,1,4,S_RIC_1,S_RIC_1_4,1,7,"1, 7"
430,C,S_SD,Severe,SD,B,2,13,S_SD_2,S_SD_2_13,3,1,"3, 1"
431,C,L_SD,Low,SD,A,1,12,L_SD_1,L_SD_1_12,2,12,"2, 12"
432,C,L_SD,Low,SD,C,3,37,L_SD_3,L_SD_3_37,7,1,"7, 1"
436,C,M_SS8,Medium,SS8,A,1,28,M_SS8_1,M_SS8_1_28,5,7,"5, 7"
439,C,M_SD,Medium,SD,C,3,24,M_SD_3,M_SD_3_24,4,12,"4, 12"
440,C,S_SS8,Severe,SS8,A,1,31,S_SS8_1,S_SS8_1_31,6,2,"6, 2"
441,C,M_SS8,Medium,SS8,C,3,27,M_SS8_3,M_SS8_3_27,5,5,"5, 5"
442,C,L_SD,Low,SD,A,1,8,L_SD_1,L_SD_1_8,2,4,"2, 4"
444,C,S_RIC,Severe,RIC,A,1,29,S_RIC_1,S_RIC_1_29,5,9,"5, 9"
445,C,L_RIC,Low,RIC,B,2,5,L_RIC_2,L_RIC_2_5,1,9,"1, 9"
446,C,M_SD,Medium,SD,A,1,35,M_SD_1,M_SD_1_35,6,10,"6, 10"
447,C,M_RIC,Medium,RIC,A,1,41,M_RIC_1,M_RIC_1_41,7,9,"7, 9"
448,C,C,Control,C,D,2,24,C_2,C_2_24,4,12,"4, 12"
449,C,C,Control,C,D,3,27,C_3,C_3_27,5,5,"5, 5"
452,C,L_SS8,Low,SS8,B,2,3,L_SS8_2,L_SS8_2_3,1,5,"1, 5"
453,C,S_SS8,Severe,SS8,B,2,42,S_SS8_2,S_SS8_2_42,7,11,"7, 11"
454,C,M_RIC,Medium,RIC,C,3,28,M_RIC_3,M_RIC_3_28,5,7,"5, 7"
455,C,S_RIC,Severe,RIC,A,1,35,S_RIC_1,S_RIC_1_35,6,10,"6, 10"
456,C,L_RIC,Low,RIC,A,1,23,L_RIC_1,L_RIC_1_23,4,10,"4, 10"
460,C,M_SS8,Medium,SS8,A,1,30,M_SS8_1,M_SS8_1_30,5,11,"5, 11"
461,C,C,Control,C,D,2,5,C_2,C_2_5,1,9,"1, 9"
463,C,L_RIC,Low,RIC,A,1,7,L_RIC_1,L_RIC_1_7,2,2,"2, 2"
464,C,M_RIC,Medium,RIC,C,3,25,M_RIC_3,M_RIC_3_25,5,1,"5, 1"
465,C,C,Control,C,D,3,23,C_3,C_3_23,4,10,"4, 10"
466,C,S_SS8,Severe,SS8,A,1,9,S_SS8_1,S_SS8_1_9,2,6,"2, 6"
467,C,M_SS8,Medium,SS8,A,1,34,M_SS8_1,M_SS8_1_34,6,8,"6, 8"
470,C,M_SS8,Medium,SS8,A,1,2,M_SS8_1,M_SS8_1_2,1,3,"1, 3"
471,C,M_SD,Medium,SD,C,3,18,M_SD_3,M_SD_3_18,3,11,"3, 11"
473,C,S_SS8,Severe,SS8,A,1,13,S_SS8_1,S_SS8_1_13,3,1,"3, 1"
475,C,L_SS8,Low,SS8,C,3,25,L_SS8_3,L_SS8_3_25,5,1,"5, 1"
477,C,S_RIC,Severe,RIC,B,2,12,S_RIC_2,S_RIC_2_12,2,12,"2, 12"
478,C,S_SS8,Severe,SS8,C,3,42,S_SS8_3,S_SS8_3_42,7,11,"7, 11"
479,C,S_RIC,Severe,RIC,B,2,41,S_RIC_2,S_RIC_2_41,7,9,"7, 9"
480,C,M_SD,Medium,SD,A,1,10,M_SD_1,M_SD_1_10,2,8,"2, 8"
484,C,M_SS8,Medium,SS8,C,3,37,M_SS8_3,M_SS8_3_37,7,1,"7, 1"
485,C,L_SD,Low,SD,B,2,22,L_SD_2,L_SD_2_22,4,8,"4, 8"
486,C,M_SS8,Medium,SS8,B,2,6,M_SS8_2,M_SS8_2_6,1,11,"1, 11"
487,C,C,Control,C,D,2,11,C_2,C_2_11,2,10,"2, 10"
489,C,S_SD,Severe,SD,B,2,5,S_SD_2,S_SD_2_5,1,9,"1, 9"
491,C,L_RIC,Low,RIC,B,2,14,L_RIC_2,L_RIC_2_14,3,3,"3, 3"
493,C,L_SD,Low,SD,B,2,32,L_SD_2,L_SD_2_32,6,4,"6, 4"
495,C,M_SS8,Medium,SS8,C,3,23,M_SS8_3,M_SS8_3_23,4,10,"4, 10"
498,C,L_SS8,Low,SS8,A,1,25,L_SS8_1,L_SS8_1_25,5,1,"5, 1"
501,C,C,Control,C,D,3,37,C_3,C_3_37,7,1,"7, 1"
503,C,M_RIC,Medium,RIC,C,3,14,M_RIC_3,M_RIC_3_14,3,3,"3, 3"
506,C,L_RIC,Low,RIC,A,1,29,L_RIC_1,L_RIC_1_29,5,9,"5, 9"
507,C,S_RIC,Severe,RIC,A,1,36,S_RIC_1,S_RIC_1_36,6,12,"6, 12"
510,C,L_SS8,Low,SS8,B,2,25,L_SS8_2,L_SS8_2_25,5,1,"5, 1"
511,C,S_SS8,Severe,SS8,B,2,36,S_SS8_2,S_SS8_2_36,6,12,"6, 12"
513,C,S_SD,Severe,SD,B,2,17,S_SD_2,S_SD_2_17,3,9,"3, 9"
516,C,M_SD,Medium,SD,B,2,41,M_SD_2,M_SD_2_41,7,9,"7, 9"
517,C,M_RIC,Medium,RIC,C,3,15,M_RIC_3,M_RIC_3_15,3,5,"3, 5"
518,C,M_SS8,Medium,SS8,A,1,22,M_SS8_1,M_SS8_1_22,4,8,"4, 8"
519,C,L_RIC,Low,RIC,C,3,26,L_RIC_3,L_RIC_3_26,5,3,"5, 3"
520,C,M_SD,Medium,SD,A,1,36,M_SD_1,M_SD_1_36,6,12,"6, 12"
521,C,L_SS8,Low,SS8,B,2,28,L_SS8_2,L_SS8_2_28,5,7,"5, 7"
522,C,L_SS8,Low,SS8,C,3,8,L_SS8_3,L_SS8_3_8,2,4,"2, 4"
523,C,M_SS8,Medium,SS8,B,2,31,M_SS8_2,M_SS8_2_31,6,2,"6, 2"
524,C,M_SD,Medium,SD,C,3,29,M_SD_3,M_SD_3_29,5,9,"5, 9"
525,C,L_RIC,Low,RIC,C,3,19,L_RIC_3,L_RIC_3_19,4,2,"4, 2"
527,C,L_RIC,Low,RIC,A,1,33,L_RIC_1,L_RIC_1_33,6,6,"6, 6"
528,C,S_SS8,Severe,SS8,C,3,25,S_SS8_3,S_SS8_3_25,5,1,"5, 1"
529,C,L_SS8,Low,SS8,C,3,33,L_SS8_3,L_SS8_3_33,6,6,"6, 6"
530,C,S_SD,Severe,SD,B,2,39,S_SD_2,S_SD_2_39,7,5,"7, 5"
534,C,L_SS8,Low,SS8,B,2,16,L_SS8_2,L_SS8_2_16,3,7,"3, 7"
535,C,C,Control,C,D,3,12,C_3,C_3_12,2,12,"2, 12"
537,C,L_RIC,Low,RIC,C,3,2,L_RIC_3,L_RIC_3_2,1,3,"1, 3"
538,C,M_SD,Medium,SD,C,3,30,M_SD_3,M_SD_3_30,5,11,"5, 11"
539,C,M_RIC,Medium,RIC,C,3,22,M_RIC_3,M_RIC_3_22,4,8,"4, 8"
541,C,M_SS8,Medium,SS8,C,3,13,M_SS8_3,M_SS8_3_13,3,1,"3, 1"
542,C,S_SS8,Severe,SS8,C,3,38,S_SS8_3,S_SS8_3_38,7,3,"7, 3"
545,C,L_SS8,Low,SS8,B,2,2,L_SS8_2,L_SS8_2_2,1,3,"1, 3"
546,C,S_SS8,Severe,SS8,B,2,7,S_SS8_2,S_SS8_2_7,2,2,"2, 2"
547,C,S_RIC,Severe,RIC,A,1,8,S_RIC_1,S_RIC_1_8,2,4,"2, 4"
548,C,S_SS8,Severe,SS8,B,2,13,S_SS8_2,S_SS8_2_13,3,1,"3, 1"
552,C,C,Control,C,D,3,15,C_3,C_3_15,3,5,"3, 5"
553,C,L_SD,Low,SD,B,2,25,L_SD_2,L_SD_2_25,5,1,"5, 1"
555,C,L_SD,Low,SD,A,1,34,L_SD_1,L_SD_1_34,6,8,"6, 8"
557,C,S_SD,Severe,SD,B,2,42,S_SD_2,S_SD_2_42,7,11,"7, 11"
559,C,S_SS8,Severe,SS8,B,2,9,S_SS8_2,S_SS8_2_9,2,6,"2, 6"
561,C,C,Control,C,D,1,28,C_1,C_1_28,5,7,"5, 7"
562,C,M_SD,Medium,SD,C,3,41,M_SD_3,M_SD_3_41,7,9,"7, 9"
563,C,M_RIC,Medium,RIC,B,2,10,M_RIC_2,M_RIC_2_10,2,8,"2, 8"
564,C,C,Control,C,D,1,15,C_1,C_1_15,3,5,"3, 5"
565,C,L_SD,Low,SD,A,1,33,L_SD_1,L_SD_1_33,6,6,"6, 6"
566,C,C,Control,C,D,2,2,C_2,C_2_2,1,3,"1, 3"
567,C,M_RIC,Medium,RIC,B,2,40,M_RIC_2,M_RIC_2_40,7,7,"7, 7"
569,C,M_RIC,Medium,RIC,B,2,38,M_RIC_2,M_RIC_2_38,7,3,"7, 3"
570,C,S_SD,Severe,SD,C,3,32,S_SD_3,S_SD_3_32,6,4,"6, 4"
571,C,L_SD,Low,SD,C,3,3,L_SD_3,L_SD_3_3,1,5,"1, 5"
572,C,L_SD,Low,SD,A,1,16,L_SD_1,L_SD_1_16,3,7,"3, 7"
575,C,L_RIC,Low,RIC,B,2,28,L_RIC_2,L_RIC_2_28,5,7,"5, 7"
581,C,L_RIC,Low,RIC,C,3,39,L_RIC_3,L_RIC_3_39,7,5,"7, 5"
585,C,M_RIC,Medium,RIC,B,2,27,M_RIC_2,M_RIC_2_27,5,5,"5, 5"
588,C,S_SS8,Severe,SS8,B,2,4,S_SS8_2,S_SS8_2_4,1,7,"1, 7"
589,C,L_SD,Low,SD,C,3,18,L_SD_3,L_SD_3_18,3,11,"3, 11"
590,C,L_RIC,Low,RIC,C,3,28,L_RIC_3,L_RIC_3_28,5,7,"5, 7"
591,C,C,Control,C,D,1,26,C_1,C_1_26,5,3,"5, 3"
593,C,S_SD,Severe,SD,B,2,11,S_SD_2,S_SD_2_11,2,10,"2, 10"
594,D,L_SD,Low,SD,B,2,7,L_SD_2,L_SD_2_7,2,2,"2, 2"
595,D,M_RIC,Medium,RIC,A,1,21,M_RIC_1,M_RIC_1_21,4,6,"4, 6"
596,D,S_RIC,Severe,RIC,A,1,5,S_RIC_1,S_RIC_1_5,1,9,"1, 9"
598,D,C,Control,C,D,3,38,C_3,C_3_38,7,3,"7, 3"
599,D,S_RIC,Severe,RIC,B,2,32,S_RIC_2,S_RIC_2_32,6,4,"6, 4"
600,D,S_SS8,Severe,SS8,A,1,37,S_SS8_1,S_SS8_1_37,7,1,"7, 1"
602,D,M_SD,Medium,SD,A,1,6,M_SD_1,M_SD_1_6,1,11,"1, 11"
603,D,C,Control,C,D,1,38,C_1,C_1_38,7,3,"7, 3"
604,D,S_SS8,Severe,SS8,A,1,41,S_SS8_1,S_SS8_1_41,7,9,"7, 9"
605,D,S_SS8,Severe,SS8,A,1,22,S_SS8_1,S_SS8_1_22,4,8,"4, 8"
606,D,M_RIC,Medium,RIC,C,3,24,M_RIC_3,M_RIC_3_24,4,12,"4, 12"
607,D,L_SD,Low,SD,A,1,23,L_SD_1,L_SD_1_23,4,10,"4, 10"
608,D,C,Control,C,D,1,42,C_1,C_1_42,7,11,"7, 11"
610,D,L_SS8,Low,SS8,B,2,21,L_SS8_2,L_SS8_2_21,4,6,"4, 6"
612,D,M_SD,Medium,SD,C,3,40,M_SD_3,M_SD_3_40,7,7,"7, 7"
613,D,S_SS8,Severe,SS8,A,1,29,S_SS8_1,S_SS8_1_29,5,9,"5, 9"
615,D,L_RIC,Low,RIC,A,1,19,L_RIC_1,L_RIC_1_19,4,2,"4, 2"
618,D,S_SD,Severe,SD,C,3,26,S_SD_3,S_SD_3_26,5,3,"5, 3"
619,D,S_RIC,Severe,RIC,B,2,39,S_RIC_2,S_RIC_2_39,7,5,"7, 5"
621,D,M_SS8,Medium,SS8,C,3,26,M_SS8_3,M_SS8_3_26,5,3,"5, 3"
623,D,S_RIC,Severe,RIC,A,1,41,S_RIC_1,S_RIC_1_41,7,9,"7, 9"
624,D,L_SS8,Low,SS8,A,1,35,L_SS8_1,L_SS8_1_35,6,10,"6, 10"
633,D,L_SS8,Low,SS8,A,1,40,L_SS8_1,L_SS8_1_40,7,7,"7, 7"
636,D,S_RIC,Severe,RIC,C,3,4,S_RIC_3,S_RIC_3_4,1,7,"1, 7"
637,D,M_SS8,Medium,SS8,A,1,35,M_SS8_1,M_SS8_1_35,6,10,"6, 10"
638,D,M_RIC,Medium,RIC,C,3,33,M_RIC_3,M_RIC_3_33,6,6,"6, 6"
641,D,M_RIC,Medium,RIC,A,1,3,M_RIC_1,M_RIC_1_3,1,5,"1, 5"
642,D,L_RIC,Low,RIC,B,2,31,L_RIC_2,L_RIC_2_31,6,2,"6, 2"
643,D,L_RIC,Low,RIC,A,1,12,L_RIC_1,L_RIC_1_12,2,12,"2, 12"
644,D,S_RIC,Severe,RIC,C,3,24,S_RIC_3,S_RIC_3_24,4,12,"4, 12"
645,D,C,Control,C,D,2,38,C_2,C_2_38,7,3,"7, 3"
647,D,S_SS8,Severe,SS8,C,3,4,S_SS8_3,S_SS8_3_4,1,7,"1, 7"
648,D,C,Control,C,D,1,6,C_1,C_1_6,1,11,"1, 11"
654,D,S_RIC,Severe,RIC,A,1,33,S_RIC_1,S_RIC_1_33,6,6,"6, 6"
655,D,L_SS8,Low,SS8,B,2,30,L_SS8_2,L_SS8_2_30,5,11,"5, 11"
656,D,M_RIC,Medium,RIC,C,3,35,M_RIC_3,M_RIC_3_35,6,10,"6, 10"
659,D,L_SD,Low,SD,B,2,29,L_SD_2,L_SD_2_29,5,9,"5, 9"
660,D,M_RIC,Medium,RIC,A,1,11,M_RIC_1,M_RIC_1_11,2,10,"2, 10"
661,D,M_SS8,Medium,SS8,C,3,4,M_SS8_3,M_SS8_3_4,1,7,"1, 7"
665,D,M_SD,Medium,SD,B,2,34,M_SD_2,M_SD_2_34,6,8,"6, 8"
666,D,S_SS8,Severe,SS8,A,1,26,S_SS8_1,S_SS8_1_26,5,3,"5, 3"
667,D,S_RIC,Severe,RIC,C,3,22,S_RIC_3,S_RIC_3_22,4,8,"4, 8"
668,D,S_SD,Severe,SD,A,1,35,S_SD_1,S_SD_1_35,6,10,"6, 10"
669,D,C,Control,C,D,2,21,C_2,C_2_21,4,6,"4, 6"
670,D,C,Control,C,D,3,42,C_3,C_3_42,7,11,"7, 11"
671,D,M_SS8,Medium,SS8,B,2,11,M_SS8_2,M_SS8_2_11,2,10,"2, 10"
672,D,S_SD,Severe,SD,C,3,21,S_SD_3,S_SD_3_21,4,6,"4, 6"
674,D,L_RIC,Low,RIC,B,2,15,L_RIC_2,L_RIC_2_15,3,5,"3, 5"
675,D,M_SD,Medium,SD,A,1,13,M_SD_1,M_SD_1_13,3,1,"3, 1"
676,D,L_SD,Low,SD,C,3,8,L_SD_3,L_SD_3_8,2,4,"2, 4"
677,D,C,Control,C,D,1,35,C_1,C_1_35,6,10,"6, 10"
679,D,S_SD,Severe,SD,A,1,28,S_SD_1,S_SD_1_28,5,7,"5, 7"
681,D,L_SD,Low,SD,C,3,14,L_SD_3,L_SD_3_14,3,3,"3, 3"
682,D,C,Control,C,D,2,36,C_2,C_2_36,6,12,"6, 12"
683,D,M_SD,Medium,SD,C,3,6,M_SD_3,M_SD_3_6,1,11,"1, 11"
685,D,M_SD,Medium,SD,C,3,10,M_SD_3,M_SD_3_10,2,8,"2, 8"
686,D,S_SD,Severe,SD,C,3,8,S_SD_3,S_SD_3_8,2,4,"2, 4"
687,D,M_RIC,Medium,RIC,A,1,40,M_RIC_1,M_RIC_1_40,7,7,"7, 7"
688,D,L_SD,Low,SD,A,1,21,L_SD_1,L_SD_1_21,4,6,"4, 6"
689,D,L_RIC,Low,RIC,C,3,14,L_RIC_3,L_RIC_3_14,3,3,"3, 3"
691,D,L_SS8,Low,SS8,B,2,1,L_SS8_2,L_SS8_2_1,1,1,"1, 1"
693,D,L_SD,Low,SD,C,3,40,L_SD_3,L_SD_3_40,7,7,"7, 7"
694,D,S_RIC,Severe,RIC,B,2,30,S_RIC_2,S_RIC_2_30,5,11,"5, 11"
696,D,S_RIC,Severe,RIC,A,1,12,S_RIC_1,S_RIC_1_12,2,12,"2, 12"
697,D,C,Control,C,D,1,22,C_1,C_1_22,4,8,"4, 8"
699,D,M_SD,Medium,SD,C,3,33,M_SD_3,M_SD_3_33,6,6,"6, 6"
700,D,M_SS8,Medium,SS8,B,2,3,M_SS8_2,M_SS8_2_3,1,5,"1, 5"
701,D,M_SS8,Medium,SS8,A,1,24,M_SS8_1,M_SS8_1_24,4,12,"4, 12"
703,D,L_SS8,Low,SS8,A,1,9,L_SS8_1,L_SS8_1_9,2,6,"2, 6"
704,D,M_SD,Medium,SD,B,2,13,M_SD_2,M_SD_2_13,3,1,"3, 1"
707,D,M_SD,Medium,SD,B,2,28,M_SD_2,M_SD_2_28,5,7,"5, 7"
708,D,L_SD,Low,SD,C,3,36,L_SD_3,L_SD_3_36,6,12,"6, 12"
709,D,M_SS8,Medium,SS8,B,2,42,M_SS8_2,M_SS8_2_42,7,11,"7, 11"
710,D,L_SD,Low,SD,B,2,23,L_SD_2,L_SD_2_23,4,10,"4, 10"
711,D,M_SS8,Medium,SS8,B,2,36,M_SS8_2,M_SS8_2_36,6,12,"6, 12"
712,D,L_SS8,Low,SS8,B,2,26,L_SS8_2,L_SS8_2_26,5,3,"5, 3"
713,D,M_SS8,Medium,SS8,A,1,26,M_SS8_1,M_SS8_1_26,5,3,"5, 3"
714,D,S_SS8,Severe,SS8,B,2,35,S_SS8_2,S_SS8_2_35,6,10,"6, 10"
715,D,S_SS8,Severe,SS8,B,2,37,S_SS8_2,S_SS8_2_37,7,1,"7, 1"
716,D,L_RIC,Low,RIC,A,1,17,L_RIC_1,L_RIC_1_17,3,9,"3, 9"
717,D,L_SD,Low,SD,C,3,11,L_SD_3,L_SD_3_11,2,10,"2, 10"
719,D,M_SS8,Medium,SS8,C,3,32,M_SS8_3,M_SS8_3_32,6,4,"6, 4"
720,D,C,Control,C,D,2,27,C_2,C_2_27,5,5,"5, 5"
721,D,M_SD,Medium,SD,C,3,21,M_SD_3,M_SD_3_21,4,6,"4, 6"
722,D,S_SD,Severe,SD,C,3,31,S_SD_3,S_SD_3_31,6,2,"6, 2"
723,D,S_SD,Severe,SD,B,2,19,S_SD_2,S_SD_2_19,4,2,"4, 2"
724,D,S_RIC,Severe,RIC,C,3,15,S_RIC_3,S_RIC_3_15,3,5,"3, 5"
725,D,M_SD,Medium,SD,A,1,41,M_SD_1,M_SD_1_41,7,9,"7, 9"
726,D,L_SS8,Low,SS8,B,2,12,L_SS8_2,L_SS8_2_12,2,12,"2, 12"
727,D,L_SS8,Low,SS8,B,2,29,L_SS8_2,L_SS8_2_29,5,9,"5, 9"
728,D,C,Control,C,D,2,20,C_2,C_2_20,4,4,"4, 4"
730,D,L_RIC,Low,RIC,C,3,27,L_RIC_3,L_RIC_3_27,5,5,"5, 5"
731,D,L_SD,Low,SD,A,1,41,L_SD_1,L_SD_1_41,7,9,"7, 9"
732,D,C,Control,C,D,2,40,C_2,C_2_40,7,7,"7, 7"
733,D,L_RIC,Low,RIC,A,1,15,L_RIC_1,L_RIC_1_15,3,5,"3, 5"
735,D,S_SD,Severe,SD,B,2,34,S_SD_2,S_SD_2_34,6,8,"6, 8"
736,D,L_SD,Low,SD,B,2,11,L_SD_2,L_SD_2_11,2,10,"2, 10"
741,D,S_RIC,Severe,RIC,C,3,13,S_RIC_3,S_RIC_3_13,3,1,"3, 1"
743,D,M_RIC,Medium,RIC,B,2,19,M_RIC_2,M_RIC_2_19,4,2,"4, 2"
744,D,S_SS8,Severe,SS8,C,3,6,S_SS8_3,S_SS8_3_6,1,11,"1, 11"
745,D,L_SS8,Low,SS8,A,1,22,L_SS8_1,L_SS8_1_22,4,8,"4, 8"
746,D,S_SD,Severe,SD,B,2,40,S_SD_2,S_SD_2_40,7,7,"7, 7"
747,D,S_RIC,Severe,RIC,C,3,39,S_RIC_3,S_RIC_3_39,7,5,"7, 5"
749,D,M_SS8,Medium,SS8,B,2,38,M_SS8_2,M_SS8_2_38,7,3,"7, 3"
750,D,C,Control,C,D,2,25,C_2,C_2_25,5,1,"5, 1"
751,D,L_RIC,Low,RIC,C,3,6,L_RIC_3,L_RIC_3_6,1,11,"1, 11"
752,D,M_SS8,Medium,SS8,B,2,23,M_SS8_2,M_SS8_2_23,4,10,"4, 10"
754,D,S_SS8,Severe,SS8,C,3,14,S_SS8_3,S_SS8_3_14,3,3,"3, 3"
756,D,S_SD,Severe,SD,A,1,33,S_SD_1,S_SD_1_33,6,6,"6, 6"
758,D,S_RIC,Severe,RIC,C,3,8,S_RIC_3,S_RIC_3_8,2,4,"2, 4"
759,D,M_RIC,Medium,RIC,B,2,39,M_RIC_2,M_RIC_2_39,7,5,"7, 5"
760,D,S_RIC,Severe,RIC,B,2,17,S_RIC_2,S_RIC_2_17,3,9,"3, 9"
761,D,M_RIC,Medium,RIC,C,3,3,M_RIC_3,M_RIC_3_3,1,5,"1, 5"
763,D,L_RIC,Low,RIC,A,1,35,L_RIC_1,L_RIC_1_35,6,10,"6, 10"
764,D,L_RIC,Low,RIC,A,1,38,L_RIC_1,L_RIC_1_38,7,3,"7, 3"
765,D,S_SS8,Severe,SS8,C,3,8,S_SS8_3,S_SS8_3_8,2,4,"2, 4"
766,D,L_SS8,Low,SS8,A,1,2,L_SS8_1,L_SS8_1_2,1,3,"1, 3"
769,D,S_SS8,Severe,SS8,C,3,34,S_SS8_3,S_SS8_3_34,6,8,"6, 8"
770,D,S_SS8,Severe,SS8,C,3,26,S_SS8_3,S_SS8_3_26,5,3,"5, 3"
771,D,C,Control,C,D,1,9,C_1,C_1_9,2,6,"2, 6"
772,D,L_RIC,Low,RIC,B,2,3,L_RIC_2,L_RIC_2_3,1,5,"1, 5"
773,D,S_SD,Severe,SD,C,3,15,S_SD_3,S_SD_3_15,3,5,"3, 5"
774,D,M_SD,Medium,SD,B,2,5,M_SD_2,M_SD_2_5,1,9,"1, 9"
776,D,C,Control,C,D,1,20,C_1,C_1_20,4,4,"4, 4"
777,D,C,Control,C,D,2,29,C_2,C_2_29,5,9,"5, 9"
778,D,S_SD,Severe,SD,A,1,22,S_SD_1,S_SD_1_22,4,8,"4, 8"
779,D,L_SS8,Low,SS8,A,1,28,L_SS8_1,L_SS8_1_28,5,7,"5, 7"
780,D,L_SD,Low,SD,B,2,30,L_SD_2,L_SD_2_30,5,11,"5, 11"
781,D,S_SS8,Severe,SS8,C,3,16,S_SS8_3,S_SS8_3_16,3,7,"3, 7"
782,D,L_RIC,Low,RIC,C,3,13,L_RIC_3,L_RIC_3_13,3,1,"3, 1"
783,D,S_SD,Severe,SD,C,3,1,S_SD_3,S_SD_3_1,1,1,"1, 1"
784,D,M_RIC,Medium,RIC,B,2,9,M_RIC_2,M_RIC_2_9,2,6,"2, 6"
785,D,L_SD,Low,SD,B,2,18,L_SD_2,L_SD_2_18,3,11,"3, 11"
786,D,M_RIC,Medium,RIC,C,3,8,M_RIC_3,M_RIC_3_8,2,4,"2, 4"
787,D,M_RIC,Medium,RIC,A,1,20,M_RIC_1,M_RIC_1_20,4,4,"4, 4"
788,D,S_SS8,Severe,SS8,B,2,39,S_SS8_2,S_SS8_2_39,7,5,"7, 5"
790,D,M_RIC,Medium,RIC,B,2,22,M_RIC_2,M_RIC_2_22,4,8,"4, 8"
791,D,C,Control,C,D,3,4,C_3,C_3_4,1,7,"1, 7"
792,D,L_SS8,Low,SS8,C,3,7,L_SS8_3,L_SS8_3_7,2,2,"2, 2"
793,D,M_SS8,Medium,SS8,B,2,8,M_SS8_2,M_SS8_2_8,2,4,"2, 4"
794,D,M_RIC,Medium,RIC,C,3,23,M_RIC_3,M_RIC_3_23,4,10,"4, 10"
796,D,M_SD,Medium,SD,C,3,4,M_SD_3,M_SD_3_4,1,7,"1, 7"
799,D,M_SS8,Medium,SS8,B,2,35,M_SS8_2,M_SS8_2_35,6,10,"6, 10"
800,D,S_SD,Severe,SD,B,2,29,S_SD_2,S_SD_2_29,5,9,"5, 9"
803,D,L_SS8,Low,SS8,C,3,30,L_SS8_3,L_SS8_3_30,5,11,"5, 11"
805,D,S_SD,Severe,SD,A,1,37,S_SD_1,S_SD_1_37,7,1,"7, 1"
806,D,C,Control,C,D,1,12,C_1,C_1_12,2,12,"2, 12"
807,D,M_SD,Medium,SD,C,3,27,M_SD_3,M_SD_3_27,5,5,"5, 5"
808,D,M_SD,Medium,SD,C,3,36,M_SD_3,M_SD_3_36,6,12,"6, 12"
809,D,C,Control,C,D,3,41,C_3,C_3_41,7,9,"7, 9"
810,D,L_RIC,Low,RIC,A,1,16,L_RIC_1,L_RIC_1_16,3,7,"3, 7"
811,D,C,Control,C,D,1,7,C_1,C_1_7,2,2,"2, 2"
812,D,C,Control,C,D,3,17,C_3,C_3_17,3,9,"3, 9"
814,D,L_RIC,Low,RIC,B,2,32,L_RIC_2,L_RIC_2_32,6,4,"6, 4"
815,D,M_SS8,Medium,SS8,A,1,19,M_SS8_1,M_SS8_1_19,4,2,"4, 2"
816,D,C,Control,C,D,3,5,C_3,C_3_5,1,9,"1, 9"
817,D,L_SD,Low,SD,C,3,20,L_SD_3,L_SD_3_20,4,4,"4, 4"
818,D,L_SS8,Low,SS8,C,3,2,L_SS8_3,L_SS8_3_2,1,3,"1, 3"
822,E,M_SS8,Medium,SS8,B,2,39,M_SS8_2,M_SS8_2_39,7,5,"7, 5"
823,E,S_RIC,Severe,RIC,B,2,27,S_RIC_2,S_RIC_2_27,5,5,"5, 5"
824,E,S_SS8,Severe,SS8,B,2,22,S_SS8_2,S_SS8_2_22,4,8,"4, 8"
825,E,M_SS8,Medium,SS8,A,1,38,M_SS8_1,M_SS8_1_38,7,3,"7, 3"
826,E,M_SD,Medium,SD,B,2,20,M_SD_2,M_SD_2_20,4,4,"4, 4"
827,E,S_SS8,Severe,SS8,A,1,1,S_SS8_1,S_SS8_1_1,1,1,"1, 1"
828,E,M_RIC,Medium,RIC,C,3,36,M_RIC_3,M_RIC_3_36,6,12,"6, 12"
829,E,M_SS8,Medium,SS8,B,2,1,M_SS8_2,M_SS8_2_1,1,1,"1, 1"
830,E,C,Control,C,D,2,1,C_2,C_2_1,1,1,"1, 1"
831,E,M_SS8,Medium,SS8,B,2,34,M_SS8_2,M_SS8_2_34,6,8,"6, 8"
832,E,M_SD,Medium,SD,C,3,3,M_SD_3,M_SD_3_3,1,5,"1, 5"
833,E,L_SS8,Low,SS8,C,3,27,L_SS8_3,L_SS8_3_27,5,5,"5, 5"
834,E,S_SS8,Severe,SS8,B,2,41,S_SS8_2,S_SS8_2_41,7,9,"7, 9"
835,E,L_SS8,Low,SS8,B,2,17,L_SS8_2,L_SS8_2_17,3,9,"3, 9"
836,E,S_SD,Severe,SD,A,1,8,S_SD_1,S_SD_1_8,2,4,"2, 4"
837,E,S_RIC,Severe,RIC,A,1,25,S_RIC_1,S_RIC_1_25,5,1,"5, 1"
838,E,M_RIC,Medium,RIC,C,3,41,M_RIC_3,M_RIC_3_41,7,9,"7, 9"
839,E,L_SD,Low,SD,C,3,29,L_SD_3,L_SD_3_29,5,9,"5, 9"
840,E,S_SD,Severe,SD,A,1,1,S_SD_1,S_SD_1_1,1,1,"1, 1"
841,E,S_SS8,Severe,SS8,B,2,34,S_SS8_2,S_SS8_2_34,6,8,"6, 8"
842,E,S_RIC,Severe,RIC,C,3,41,S_RIC_3,S_RIC_3_41,7,9,"7, 9"
843,E,L_SS8,Low,SS8,B,2,39,L_SS8_2,L_SS8_2_39,7,5,"7, 5"
844,E,M_RIC,Medium,RIC,C,3,20,M_RIC_3,M_RIC_3_20,4,4,"4, 4"
845,E,S_SD,Severe,SD,C,3,17,S_SD_3,S_SD_3_17,3,9,"3, 9"
846,E,M_RIC,Medium,RIC,C,3,5,M_RIC_3,M_RIC_3_5,1,9,"1, 9"
848,E,L_SD,Low,SD,A,1,10,L_SD_1,L_SD_1_10,2,8,"2, 8"
849,E,M_SS8,Medium,SS8,C,3,41,M_SS8_3,M_SS8_3_41,7,9,"7, 9"
850,E,L_SD,Low,SD,C,3,16,L_SD_3,L_SD_3_16,3,7,"3, 7"
851,E,M_SD,Medium,SD,A,1,3,M_SD_1,M_SD_1_3,1,5,"1, 5"
852,E,S_SS8,Severe,SS8,A,1,38,S_SS8_1,S_SS8_1_38,7,3,"7, 3"
853,E,S_SS8,Severe,SS8,A,1,40,S_SS8_1,S_SS8_1_40,7,7,"7, 7"
854,E,L_SS8,Low,SS8,A,1,42,L_SS8_1,L_SS8_1_42,7,11,"7, 11"
855,E,M_SD,Medium,SD,A,1,29,M_SD_1,M_SD_1_29,5,9,"5, 9"
856,E,C,Control,C,D,3,16,C_3,C_3_16,3,7,"3, 7"
857,E,M_SS8,Medium,SS8,A,1,12,M_SS8_1,M_SS8_1_12,2,12,"2, 12"
859,E,S_SS8,Severe,SS8,B,2,23,S_SS8_2,S_SS8_2_23,4,10,"4, 10"
860,E,S_RIC,Severe,RIC,C,3,2,S_RIC_3,S_RIC_3_2,1,3,"1, 3"
861,E,S_SD,Severe,SD,B,2,3,S_SD_2,S_SD_2_3,1,5,"1, 5"
862,E,L_SD,Low,SD,B,2,4,L_SD_2,L_SD_2_4,1,7,"1, 7"
865,E,M_SS8,Medium,SS8,C,3,3,M_SS8_3,M_SS8_3_3,1,5,"1, 5"
866,E,S_SD,Severe,SD,B,2,36,S_SD_2,S_SD_2_36,6,12,"6, 12"
868,E,M_SD,Medium,SD,B,2,12,M_SD_2,M_SD_2_12,2,12,"2, 12"
869,E,S_SD,Severe,SD,B,2,9,S_SD_2,S_SD_2_9,2,6,"2, 6"
870,E,M_RIC,Medium,RIC,B,2,3,M_RIC_2,M_RIC_2_3,1,5,"1, 5"
871,E,M_SD,Medium,SD,A,1,16,M_SD_1,M_SD_1_16,3,7,"3, 7"
872,E,S_RIC,Severe,RIC,A,1,9,S_RIC_1,S_RIC_1_9,2,6,"2, 6"
873,E,M_SS8,Medium,SS8,C,3,31,M_SS8_3,M_SS8_3_31,6,2,"6, 2"
874,E,C,Control,C,D,1,25,C_1,C_1_25,5,1,"5, 1"
876,E,C,Control,C,D,1,30,C_1,C_1_30,5,11,"5, 11"
877,E,S_SD,Severe,SD,A,1,21,S_SD_1,S_SD_1_21,4,6,"4, 6"
878,E,L_RIC,Low,RIC,A,1,40,L_RIC_1,L_RIC_1_40,7,7,"7, 7"
879,E,M_SS8,Medium,SS8,A,1,23,M_SS8_1,M_SS8_1_23,4,10,"4, 10"
880,E,M_RIC,Medium,RIC,B,2,30,M_RIC_2,M_RIC_2_30,5,11,"5, 11"
881,E,L_RIC,Low,RIC,B,2,8,L_RIC_2,L_RIC_2_8,2,4,"2, 4"
882,E,M_RIC,Medium,RIC,B,2,25,M_RIC_2,M_RIC_2_25,5,1,"5, 1"
883,E,L_SD,Low,SD,B,2,34,L_SD_2,L_SD_2_34,6,8,"6, 8"
884,E,M_SD,Medium,SD,A,1,32,M_SD_1,M_SD_1_32,6,4,"6, 4"
885,E,L_SD,Low,SD,B,2,26,L_SD_2,L_SD_2_26,5,3,"5, 3"
886,E,C,Control,C,D,2,34,C_2,C_2_34,6,8,"6, 8"
888,E,L_RIC,Low,RIC,B,2,22,L_RIC_2,L_RIC_2_22,4,8,"4, 8"
889,E,C,Control,C,D,1,14,C_1,C_1_14,3,3,"3, 3"
890,E,S_RIC,Severe,RIC,A,1,15,S_RIC_1,S_RIC_1_15,3,5,"3, 5"
891,E,L_RIC,Low,RIC,A,1,22,L_RIC_1,L_RIC_1_22,4,8,"4, 8"
892,E,S_SS8,Severe,SS8,B,2,17,S_SS8_2,S_SS8_2_17,3,9,"3, 9"
893,E,L_SS8,Low,SS8,C,3,31,L_SS8_3,L_SS8_3_31,6,2,"6, 2"
894,E,S_SS8,Severe,SS8,B,2,21,S_SS8_2,S_SS8_2_21,4,6,"4, 6"
895,E,M_SS8,Medium,SS8,C,3,35,M_SS8_3,M_SS8_3_35,6,10,"6, 10"
896,E,M_RIC,Medium,RIC,B,2,23,M_RIC_2,M_RIC_2_23,4,10,"4, 10"
897,E,M_SD,Medium,SD,B,2,17,M_SD_2,M_SD_2_17,3,9,"3, 9"
899,E,L_RIC,Low,RIC,C,3,21,L_RIC_3,L_RIC_3_21,4,6,"4, 6"
900,E,M_SD,Medium,SD,B,2,4,M_SD_2,M_SD_2_4,1,7,"1, 7"
902,E,L_SD,Low,SD,B,2,2,L_SD_2,L_SD_2_2,1,3,"1, 3"
903,E,C,Control,C,D,2,22,C_2,C_2_22,4,8,"4, 8"
904,E,L_SD,Low,SD,B,2,8,L_SD_2,L_SD_2_8,2,4,"2, 4"
905,E,L_RIC,Low,RIC,B,2,6,L_RIC_2,L_RIC_2_6,1,11,"1, 11"
906,E,L_RIC,Low,RIC,A,1,10,L_RIC_1,L_RIC_1_10,2,8,"2, 8"
907,E,C,Control,C,D,3,9,C_3,C_3_9,2,6,"2, 6"
908,E,L_SS8,Low,SS8,B,2,15,L_SS8_2,L_SS8_2_15,3,5,"3, 5"
909,E,S_SS8,Severe,SS8,A,1,18,S_SS8_1,S_SS8_1_18,3,11,"3, 11"
910,E,L_SS8,Low,SS8,A,1,24,L_SS8_1,L_SS8_1_24,4,12,"4, 12"
911,E,M_SS8,Medium,SS8,C,3,22,M_SS8_3,M_SS8_3_22,4,8,"4, 8"
912,E,S_RIC,Severe,RIC,A,1,6,S_RIC_1,S_RIC_1_6,1,11,"1, 11"
913,E,L_SD,Low,SD,B,2,14,L_SD_2,L_SD_2_14,3,3,"3, 3"
914,E,S_SS8,Severe,SS8,C,3,9,S_SS8_3,S_SS8_3_9,2,6,"2, 6"
915,E,C,Control,C,D,3,20,C_3,C_3_20,4,4,"4, 4"
917,E,S_SD,Severe,SD,B,2,38,S_SD_2,S_SD_2_38,7,3,"7, 3"
918,E,M_RIC,Medium,RIC,C,3,6,M_RIC_3,M_RIC_3_6,1,11,"1, 11"
919,E,M_SD,Medium,SD,C,3,14,M_SD_3,M_SD_3_14,3,3,"3, 3"
920,E,M_RIC,Medium,RIC,C,3,16,M_RIC_3,M_RIC_3_16,3,7,"3, 7"
921,E,S_SS8,Severe,SS8,B,2,18,S_SS8_2,S_SS8_2_18,3,11,"3, 11"
922,E,L_SS8,Low,SS8,A,1,37,L_SS8_1,L_SS8_1_37,7,1,"7, 1"
923,E,S_SD,Severe,SD,C,3,11,S_SD_3,S_SD_3_11,2,10,"2, 10"
924,E,M_SS8,Medium,SS8,C,3,38,M_SS8_3,M_SS8_3_38,7,3,"7, 3"
925,E,L_RIC,Low,RIC,C,3,7,L_RIC_3,L_RIC_3_7,2,2,"2, 2"
926,E,M_RIC,Medium,RIC,B,2,12,M_RIC_2,M_RIC_2_12,2,12,"2, 12"
927,E,L_SS8,Low,SS8,B,2,18,L_SS8_2,L_SS8_2_18,3,11,"3, 11"
929,E,M_RIC,Medium,RIC,A,1,35,M_RIC_1,M_RIC_1_35,6,10,"6, 10"
930,E,L_SS8,Low,SS8,B,2,23,L_SS8_2,L_SS8_2_23,4,10,"4, 10"
931,E,C,Control,C,D,1,31,C_1,C_1_31,6,2,"6, 2"
932,E,S_SS8,Severe,SS8,A,1,39,S_SS8_1,S_SS8_1_39,7,5,"7, 5"
933,E,L_SS8,Low,SS8,A,1,29,L_SS8_1,L_SS8_1_29,5,9,"5, 9"
934,E,M_SS8,Medium,SS8,A,1,41,M_SS8_1,M_SS8_1_41,7,9,"7, 9"
935,E,S_RIC,Severe,RIC,C,3,17,S_RIC_3,S_RIC_3_17,3,9,"3, 9"
936,E,L_SD,Low,SD,C,3,1,L_SD_3,L_SD_3_1,1,1,"1, 1"
937,E,L_RIC,Low,RIC,C,3,37,L_RIC_3,L_RIC_3_37,7,1,"7, 1"
938,E,S_RIC,Severe,RIC,C,3,10,S_RIC_3,S_RIC_3_10,2,8,"2, 8"
939,E,S_SS8,Severe,SS8,C,3,7,S_SS8_3,S_SS8_3_7,2,2,"2, 2"
940,E,S_SD,Severe,SD,C,3,4,S_SD_3,S_SD_3_4,1,7,"1, 7"
942,E,S_SD,Severe,SD,C,3,19,S_SD_3,S_SD_3_19,4,2,"4, 2"
943,E,S_SD,Severe,SD,C,3,27,S_SD_3,S_SD_3_27,5,5,"5, 5"
944,E,C,Control,C,D,3,21,C_3,C_3_21,4,6,"4, 6"
945,E,S_SD,Severe,SD,A,1,31,S_SD_1,S_SD_1_31,6,2,"6, 2"
946,E,L_SS8,Low,SS8,A,1,4,L_SS8_1,L_SS8_1_4,1,7,"1, 7"
947,E,C,Control,C,D,3,25,C_3,C_3_25,5,1,"5, 1"
948,E,S_RIC,Severe,RIC,B,2,25,S_RIC_2,S_RIC_2_25,5,1,"5, 1"
949,E,S_RIC,Severe,RIC,B,2,37,S_RIC_2,S_RIC_2_37,7,1,"7, 1"
950,E,M_RIC,Medium,RIC,B,2,4,M_RIC_2,M_RIC_2_4,1,7,"1, 7"
951,E,L_RIC,Low,RIC,A,1,31,L_RIC_1,L_RIC_1_31,6,2,"6, 2"
953,E,L_SS8,Low,SS8,C,3,26,L_SS8_3,L_SS8_3_26,5,3,"5, 3"
954,E,L_SD,Low,SD,C,3,27,L_SD_3,L_SD_3_27,5,5,"5, 5"
955,E,S_RIC,Severe,RIC,C,3,1,S_RIC_3,S_RIC_3_1,1,1,"1, 1"
956,E,L_SD,Low,SD,A,1,28,L_SD_1,L_SD_1_28,5,7,"5, 7"
957,E,M_SD,Medium,SD,C,3,15,M_SD_3,M_SD_3_15,3,5,"3, 5"
958,E,L_RIC,Low,RIC,A,1,34,L_RIC_1,L_RIC_1_34,6,8,"6, 8"
959,E,S_RIC,Severe,RIC,A,1,28,S_RIC_1,S_RIC_1_28,5,7,"5, 7"
960,E,C,Control,C,D,3,32,C_3,C_3_32,6,4,"6, 4"
961,E,L_SD,Low,SD,B,2,12,L_SD_2,L_SD_2_12,2,12,"2, 12"
962,E,M_SD,Medium,SD,C,3,26,M_SD_3,M_SD_3_26,5,3,"5, 3"
963,E,L_RIC,Low,RIC,C,3,18,L_RIC_3,L_RIC_3_18,3,11,"3, 11"
964,E,C,Control,C,D,3,19,C_3,C_3_19,4,2,"4, 2"
965,E,C,Control,C,D,2,18,C_2,C_2_18,3,11,"3, 11"
966,E,C,Control,C,D,2,31,C_2,C_2_31,6,2,"6, 2"
967,E,S_SS8,Severe,SS8,B,2,24,S_SS8_2,S_SS8_2_24,4,12,"4, 12"
968,E,L_SD,Low,SD,C,3,21,L_SD_3,L_SD_3_21,4,6,"4, 6"
969,E,C,Control,C,D,1,34,C_1,C_1_34,6,8,"6, 8"
970,E,M_SD,Medium,SD,A,1,42,M_SD_1,M_SD_1_42,7,11,"7, 11"
971,E,L_RIC,Low,RIC,B,2,23,L_RIC_2,L_RIC_2_23,4,10,"4, 10"
972,E,C,Control,C,D,1,10,C_1,C_1_10,2,8,"2, 8"
973,E,C,Control,C,D,2,6,C_2,C_2_6,1,11,"1, 11"
974,E,C,Control,C,D,3,11,C_3,C_3_11,2,10,"2, 10"
975,E,S_SD,Severe,SD,C,3,18,S_SD_3,S_SD_3_18,3,11,"3, 11"
976,E,M_SS8,Medium,SS8,B,2,40,M_SS8_2,M_SS8_2_40,7,7,"7, 7"
977,E,L_RIC,Low,RIC,B,2,10,L_RIC_2,L_RIC_2_10,2,8,"2, 8"
978,E,M_SD,Medium,SD,B,2,27,M_SD_2,M_SD_2_27,5,5,"5, 5"
980,E,M_SD,Medium,SD,A,1,30,M_SD_1,M_SD_1_30,5,11,"5, 11"
981,E,L_SD,Low,SD,A,1,37,L_SD_1,L_SD_1_37,7,1,"7, 1"
982,E,L_RIC,Low,RIC,C,3,34,L_RIC_3,L_RIC_3_34,6,8,"6, 8"
983,E,S_RIC,Severe,RIC,B,2,34,S_RIC_2,S_RIC_2_34,6,8,"6, 8"
984,E,L_SS8,Low,SS8,C,3,22,L_SS8_3,L_SS8_3_22,4,8,"4, 8"
985,E,S_SD,Severe,SD,B,2,33,S_SD_2,S_SD_2_33,6,6,"6, 6"
987,E,M_RIC,Medium,RIC,B,2,41,M_RIC_2,M_RIC_2_41,7,9,"7, 9"
988,E,L_SS8,Low,SS8,B,2,14,L_SS8_2,L_SS8_2_14,3,3,"3, 3"
989,E,M_RIC,Medium,RIC,A,1,13,M_RIC_1,M_RIC_1_13,3,1,"3, 1"
991,E,S_RIC,Severe,RIC,C,3,26,S_RIC_3,S_RIC_3_26,5,3,"5, 3"
992,E,M_SS8,Medium,SS8,A,1,27,M_SS8_1,M_SS8_1_27,5,5,"5, 5"
993,F,S_RIC,Severe,RIC,C,3,3,S_RIC_3,S_RIC_3_3,1,5,"1, 5"
995,F,M_SS8,Medium,SS8,C,3,17,M_SS8_3,M_SS8_3_17,3,9,"3, 9"
998,F,L_SS8,Low,SS8,A,1,34,L_SS8_1,L_SS8_1_34,6,8,"6, 8"
999,F,S_SD,Severe,SD,A,1,32,S_SD_1,S_SD_1_32,6,4,"6, 4"
1002,F,S_RIC,Severe,RIC,B,2,22,S_RIC_2,S_RIC_2_22,4,8,"4, 8"
1003,F,S_SS8,Severe,SS8,C,3,3,S_SS8_3,S_SS8_3_3,1,5,"1, 5"
1005,F,S_RIC,Severe,RIC,C,3,12,S_RIC_3,S_RIC_3_12,2,12,"2, 12"
1006,F,M_SD,Medium,SD,A,1,4,M_SD_1,M_SD_1_4,1,7,"1, 7"
1008,F,L_SS8,Low,SS8,B,2,22,L_SS8_2,L_SS8_2_22,4,8,"4, 8"
1010,F,L_RIC,Low,RIC,C,3,24,L_RIC_3,L_RIC_3_24,4,12,"4, 12"
1012,F,L_RIC,Low,RIC,B,2,27,L_RIC_2,L_RIC_2_27,5,5,"5, 5"
1015,F,L_SD,Low,SD,A,1,1,L_SD_1,L_SD_1_1,1,1,"1, 1"
1016,F,L_SD,Low,SD,A,1,36,L_SD_1,L_SD_1_36,6,12,"6, 12"
1019,F,S_SS8,Severe,SS8,A,1,15,S_SS8_1,S_SS8_1_15,3,5,"3, 5"
1020,F,S_SS8,Severe,SS8,B,2,20,S_SS8_2,S_SS8_2_20,4,4,"4, 4"
1022,F,C,Control,C,D,3,10,C_3,C_3_10,2,8,"2, 8"
1023,F,L_RIC,Low,RIC,C,3,31,L_RIC_3,L_RIC_3_31,6,2,"6, 2"
1024,F,S_RIC,Severe,RIC,C,3,6,S_RIC_3,S_RIC_3_6,1,11,"1, 11"
1025,F,M_RIC,Medium,RIC,A,1,17,M_RIC_1,M_RIC_1_17,3,9,"3, 9"
1026,F,M_RIC,Medium,RIC,B,2,17,M_RIC_2,M_RIC_2_17,3,9,"3, 9"
1027,F,M_SD,Medium,SD,A,1,12,M_SD_1,M_SD_1_12,2,12,"2, 12"
1029,F,M_SD,Medium,SD,B,2,9,M_SD_2,M_SD_2_9,2,6,"2, 6"
1032,F,M_SD,Medium,SD,C,3,5,M_SD_3,M_SD_3_5,1,9,"1, 9"
1033,F,S_RIC,Severe,RIC,B,2,20,S_RIC_2,S_RIC_2_20,4,4,"4, 4"
1034,F,L_RIC,Low,RIC,B,2,19,L_RIC_2,L_RIC_2_19,4,2,"4, 2"
1035,F,M_SS8,Medium,SS8,B,2,18,M_SS8_2,M_SS8_2_18,3,11,"3, 11"
1036,F,C,Control,C,D,3,3,C_3,C_3_3,1,5,"1, 5"
1037,F,S_SD,Severe,SD,A,1,29,S_SD_1,S_SD_1_29,5,9,"5, 9"
1039,F,C,Control,C,D,2,9,C_2,C_2_9,2,6,"2, 6"
1040,F,M_SS8,Medium,SS8,C,3,1,M_SS8_3,M_SS8_3_1,1,1,"1, 1"
1041,F,C,Control,C,D,2,28,C_2,C_2_28,5,7,"5, 7"
1042,F,M_SS8,Medium,SS8,B,2,28,M_SS8_2,M_SS8_2_28,5,7,"5, 7"
1043,F,S_SS8,Severe,SS8,C,3,28,S_SS8_3,S_SS8_3_28,5,7,"5, 7"
1044,F,S_SD,Severe,SD,B,2,2,S_SD_2,S_SD_2_2,1,3,"1, 3"
1045,F,M_SD,Medium,SD,A,1,5,M_SD_1,M_SD_1_5,1,9,"1, 9"
1046,F,M_SD,Medium,SD,B,2,7,M_SD_2,M_SD_2_7,2,2,"2, 2"
1047,F,L_RIC,Low,RIC,A,1,18,L_RIC_1,L_RIC_1_18,3,11,"3, 11"
1050,F,M_RIC,Medium,RIC,A,1,8,M_RIC_1,M_RIC_1_8,2,4,"2, 4"
1051,F,S_RIC,Severe,RIC,B,2,19,S_RIC_2,S_RIC_2_19,4,2,"4, 2"
1052,F,S_SS8,Severe,SS8,A,1,3,S_SS8_1,S_SS8_1_3,1,5,"1, 5"
1053,F,C,Control,C,D,2,7,C_2,C_2_7,2,2,"2, 2"
1054,F,S_SS8,Severe,SS8,A,1,33,S_SS8_1,S_SS8_1_33,6,6,"6, 6"
1056,F,M_SS8,Medium,SS8,A,1,31,M_SS8_1,M_SS8_1_31,6,2,"6, 2"
1058,F,L_SD,Low,SD,B,2,36,L_SD_2,L_SD_2_36,6,12,"6, 12"
1059,F,S_RIC,Severe,RIC,A,1,40,S_RIC_1,S_RIC_1_40,7,7,"7, 7"
1060,F,S_SD,Severe,SD,A,1,10,S_SD_1,S_SD_1_10,2,8,"2, 8"
1061,F,C,Control,C,D,2,13,C_2,C_2_13,3,1,"3, 1"
1063,F,C,Control,C,D,3,1,C_3,C_3_1,1,1,"1, 1"
1064,F,C,Control,C,D,1,36,C_1,C_1_36,6,12,"6, 12"
1065,F,L_RIC,Low,RIC,A,1,30,L_RIC_1,L_RIC_1_30,5,11,"5, 11"
1066,F,S_SD,Severe,SD,B,2,7,S_SD_2,S_SD_2_7,2,2,"2, 2"
1067,F,S_RIC,Severe,RIC,A,1,10,S_RIC_1,S_RIC_1_10,2,8,"2, 8"
1068,F,M_SS8,Medium,SS8,C,3,24,M_SS8_3,M_SS8_3_24,4,12,"4, 12"
1069,F,S_SD,Severe,SD,A,1,38,S_SD_1,S_SD_1_38,7,3,"7, 3"
1070,F,C,Control,C,D,2,42,C_2,C_2_42,7,11,"7, 11"
1071,F,M_RIC,Medium,RIC,B,2,5,M_RIC_2,M_RIC_2_5,1,9,"1, 9"
1073,F,L_SS8,Low,SS8,C,3,9,L_SS8_3,L_SS8_3_9,2,6,"2, 6"
1075,F,S_SS8,Severe,SS8,C,3,13,S_SS8_3,S_SS8_3_13,3,1,"3, 1"
1076,F,M_SD,Medium,SD,C,3,16,M_SD_3,M_SD_3_16,3,7,"3, 7"
1077,F,M_SS8,Medium,SS8,B,2,17,M_SS8_2,M_SS8_2_17,3,9,"3, 9"
1079,F,L_SD,Low,SD,A,1,38,L_SD_1,L_SD_1_38,7,3,"7, 3"
1080,F,L_RIC,Low,RIC,A,1,13,L_RIC_1,L_RIC_1_13,3,1,"3, 1"
1082,F,S_SD,Severe,SD,C,3,6,S_SD_3,S_SD_3_6,1,11,"1, 11"
1083,F,L_SD,Low,SD,C,3,12,L_SD_3,L_SD_3_12,2,12,"2, 12"
1084,F,M_SS8,Medium,SS8,A,1,18,M_SS8_1,M_SS8_1_18,3,11,"3, 11"
1086,F,L_RIC,Low,RIC,B,2,24,L_RIC_2,L_RIC_2_24,4,12,"4, 12"
1087,F,C,Control,C,D,2,33,C_2,C_2_33,6,6,"6, 6"
1089,F,L_SS8,Low,SS8,C,3,34,L_SS8_3,L_SS8_3_34,6,8,"6, 8"
1090,F,C,Control,C,D,1,8,C_1,C_1_8,2,4,"2, 4"
1091,F,L_RIC,Low,RIC,C,3,1,L_RIC_3,L_RIC_3_1,1,1,"1, 1"
1092,F,L_SS8,Low,SS8,B,2,19,L_SS8_2,L_SS8_2_19,4,2,"4, 2"
1093,F,C,Control,C,D,1,39,C_1,C_1_39,7,5,"7, 5"
1094,F,C,Control,C,D,3,33,C_3,C_3_33,6,6,"6, 6"
1095,F,S_RIC,Severe,RIC,A,1,2,S_RIC_1,S_RIC_1_2,1,3,"1, 3"
1096,F,M_SD,Medium,SD,B,2,8,M_SD_2,M_SD_2_8,2,4,"2, 4"
1097,F,L_SS8,Low,SS8,B,2,11,L_SS8_2,L_SS8_2_11,2,10,"2, 10"
1099,F,C,Control,C,D,2,39,C_2,C_2_39,7,5,"7, 5"
1101,F,M_SS8,Medium,SS8,A,1,7,M_SS8_1,M_SS8_1_7,2,2,"2, 2"
1103,F,L_SD,Low,SD,B,2,1,L_SD_2,L_SD_2_1,1,1,"1, 1"
1104,F,M_SD,Medium,SD,A,1,31,M_SD_1,M_SD_1_31,6,2,"6, 2"
1105,F,M_RIC,Medium,RIC,C,3,2,M_RIC_3,M_RIC_3_2,1,3,"1, 3"
1108,F,S_SD,Severe,SD,B,2,6,S_SD_2,S_SD_2_6,1,11,"1, 11"
1111,F,C,Control,C,D,1,41,C_1,C_1_41,7,9,"7, 9"
1114,F,S_SS8,Severe,SS8,C,3,31,S_SS8_3,S_SS8_3_31,6,2,"6, 2"
1115,F,M_RIC,Medium,RIC,A,1,22,M_RIC_1,M_RIC_1_22,4,8,"4, 8"
1116,F,L_RIC,Low,RIC,B,2,17,L_RIC_2,L_RIC_2_17,3,9,"3, 9"
1117,F,S_RIC,Severe,RIC,A,1,18,S_RIC_1,S_RIC_1_18,3,11,"3, 11"
1118,F,M_RIC,Medium,RIC,A,1,5,M_RIC_1,M_RIC_1_5,1,9,"1, 9"
1120,F,M_SD,Medium,SD,B,2,36,M_SD_2,M_SD_2_36,6,12,"6, 12"
1122,F,M_SS8,Medium,SS8,C,3,20,M_SS8_3,M_SS8_3_20,4,4,"4, 4"
1123,F,C,Control,C,D,1,33,C_1,C_1_33,6,6,"6, 6"
1126,F,L_SS8,Low,SS8,A,1,23,L_SS8_1,L_SS8_1_23,4,10,"4, 10"
1128,F,L_RIC,Low,RIC,B,2,18,L_RIC_2,L_RIC_2_18,3,11,"3, 11"
1130,F,L_SD,Low,SD,C,3,2,L_SD_3,L_SD_3_2,1,3,"1, 3"
1131,F,M_RIC,Medium,RIC,B,2,37,M_RIC_2,M_RIC_2_37,7,1,"7, 1"
1132,F,M_RIC,Medium,RIC,A,1,33,M_RIC_1,M_RIC_1_33,6,6,"6, 6"
1133,F,L_RIC,Low,RIC,C,3,8,L_RIC_3,L_RIC_3_8,2,4,"2, 4"
1134,F,C,Control,C,D,1,18,C_1,C_1_18,3,11,"3, 11"
1137,F,L_SD,Low,SD,C,3,6,L_SD_3,L_SD_3_6,1,11,"1, 11"
1138,F,L_RIC,Low,RIC,B,2,11,L_RIC_2,L_RIC_2_11,2,10,"2, 10"
1139,F,S_RIC,Severe,RIC,C,3,27,S_RIC_3,S_RIC_3_27,5,5,"5, 5"
1141,F,L_SS8,Low,SS8,B,2,37,L_SS8_2,L_SS8_2_37,7,1,"7, 1"
1142,F,S_RIC,Severe,RIC,A,1,22,S_RIC_1,S_RIC_1_22,4,8,"4, 8"
1143,F,M_SD,Medium,SD,B,2,11,M_SD_2,M_SD_2_11,2,10,"2, 10"
1145,F,S_SD,Severe,SD,A,1,3,S_SD_1,S_SD_1_3,1,5,"1, 5"
1146,F,S_SD,Severe,SD,B,2,23,S_SD_2,S_SD_2_23,4,10,"4, 10"
1147,F,L_SD,Low,SD,C,3,35,L_SD_3,L_SD_3_35,6,10,"6, 10"
1151,F,C,Control,C,D,1,4,C_1,C_1_4,1,7,"1, 7"
1152,F,S_RIC,Severe,RIC,C,3,19,S_RIC_3,S_RIC_3_19,4,2,"4, 2"
1153,F,M_SD,Medium,SD,B,2,35,M_SD_2,M_SD_2_35,6,10,"6, 10"
1156,F,L_SS8,Low,SS8,A,1,1,L_SS8_1,L_SS8_1_1,1,1,"1, 1"
1157,F,L_SS8,Low,SS8,A,1,18,L_SS8_1,L_SS8_1_18,3,11,"3, 11"
1158,F,L_RIC,Low,RIC,C,3,25,L_RIC_3,L_RIC_3_25,5,1,"5, 1"
1160,F,L_SD,Low,SD,A,1,13,L_SD_1,L_SD_1_13,3,1,"3, 1"
1161,F,L_SS8,Low,SS8,A,1,26,L_SS8_1,L_SS8_1_26,5,3,"5, 3"
1162,F,L_SS8,Low,SS8,C,3,17,L_SS8_3,L_SS8_3_17,3,9,"3, 9"
1164,F,L_SD,Low,SD,A,1,24,L_SD_1,L_SD_1_24,4,12,"4, 12"
1165,F,M_SS8,Medium,SS8,B,2,33,M_SS8_2,M_SS8_2_33,6,6,"6, 6"
1166,F,C,Control,C,D,2,14,C_2,C_2_14,3,3,"3, 3"
1168,F,M_RIC,Medium,RIC,C,3,40,M_RIC_3,M_RIC_3_40,7,7,"7, 7"
1169,F,L_RIC,Low,RIC,A,1,42,L_RIC_1,L_RIC_1_42,7,11,"7, 11"
1171,F,M_RIC,Medium,RIC,C,3,19,M_RIC_3,M_RIC_3_19,4,2,"4, 2"
1173,F,L_SD,Low,SD,A,1,30,L_SD_1,L_SD_1_30,5,11,"5, 11"
1174,F,L_SD,Low,SD,C,3,7,L_SD_3,L_SD_3_7,2,2,"2, 2"
1176,F,S_SS8,Severe,SS8,C,3,24,S_SS8_3,S_SS8_3_24,4,12,"4, 12"
1178,F,C,Control,C,D,1,19,C_1,C_1_19,4,2,"4, 2"
1179,F,S_RIC,Severe,RIC,A,1,34,S_RIC_1,S_RIC_1_34,6,8,"6, 8"
1180,F,L_SS8,Low,SS8,A,1,5,L_SS8_1,L_SS8_1_5,1,9,"1, 9"
1181,F,M_SS8,Medium,SS8,C,3,34,M_SS8_3,M_SS8_3_34,6,8,"6, 8"
1182,F,M_RIC,Medium,RIC,C,3,9,M_RIC_3,M_RIC_3_9,2,6,"2, 6"
1183,F,M_SD,Medium,SD,A,1,40,M_SD_1,M_SD_1_40,7,7,"7, 7"
1184,F,S_SS8,Severe,SS8,C,3,40,S_SS8_3,S_SS8_3_40,7,7,"7, 7"
1185,F,L_SS8,Low,SS8,B,2,4,L_SS8_2,L_SS8_2_4,1,7,"1, 7"
1186,F,L_SD,Low,SD,B,2,15,L_SD_2,L_SD_2_15,3,5,"3, 5"
1187,F,S_SS8,Severe,SS8,B,2,32,S_SS8_2,S_SS8_2_32,6,4,"6, 4"
1188,F,S_SS8,Severe,SS8,B,2,25,S_SS8_2,S_SS8_2_25,5,1,"5, 1"
1189,F,L_SS8,Low,SS8,A,1,19,L_SS8_1,L_SS8_1_19,4,2,"4, 2"
1192,F,M_RIC,Medium,RIC,B,2,18,M_RIC_2,M_RIC_2_18,3,11,"3, 11"
1195,F,S_SS8,Severe,SS8,B,2,10,S_SS8_2,S_SS8_2_10,2,8,"2, 8"
1196,F,S_SD,Severe,SD,B,2,16,S_SD_2,S_SD_2_16,3,7,"3, 7"
1197,F,M_SD,Medium,SD,B,2,24,M_SD_2,M_SD_2_24,4,12,"4, 12"
1199,F,M_SS8,Medium,SS8,A,1,17,M_SS8_1,M_SS8_1_17,3,9,"3, 9"
1200,F,M_RIC,Medium,RIC,B,2,34,M_RIC_2,M_RIC_2_34,6,8,"6, 8"
1202,F,M_SS8,Medium,SS8,B,2,37,M_SS8_2,M_SS8_2_37,7,1,"7, 1"
1205,F,S_RIC,Severe,RIC,A,1,11,S_RIC_1,S_RIC_1_11,2,10,"2, 10"
1207,F,S_SS8,Severe,SS8,A,1,36,S_SS8_1,S_SS8_1_36,6,12,"6, 12"
1208,F,M_SD,Medium,SD,A,1,8,M_SD_1,M_SD_1_8,2,4,"2, 4"
1209,F,S_SD,Severe,SD,C,3,28,S_SD_3,S_SD_3_28,5,7,"5, 7"
1213,F,C,Control,C,D,1,3,C_1,C_1_3,1,5,"1, 5"
1214,F,S_SD,Severe,SD,B,2,37,S_SD_2,S_SD_2_37,7,1,"7, 1"
1215,F,M_SS8,Medium,SS8,A,1,10,M_SS8_1,M_SS8_1_10,2,8,"2, 8"
1217,F,S_SD,Severe,SD,C,3,25,S_SD_3,S_SD_3_25,5,1,"5, 1"
1218,F,S_SD,Severe,SD,B,2,21,S_SD_2,S_SD_2_21,4,6,"4, 6"
1219,F,L_SD,Low,SD,C,3,41,L_SD_3,L_SD_3_41,7,9,"7, 9"
1222,F,S_SS8,Severe,SS8,A,1,7,S_SS8_1,S_SS8_1_7,2,2,"2, 2"
1225,F,M_RIC,Medium,RIC,B,2,7,M_RIC_2,M_RIC_2_7,2,2,"2, 2"
