name,sequence,DIV_proportion,DIV_sd,n_samples,n_runs,taxa_id
C1,AATGGCCTCCTGAACGTGCGTTGCACTCTTGGGATTTCCTGAGAGTATGTCTGCTTCAGTGCTTAACTTGCCCCAACTTTGCAAGCAGGATGTGTTTCTGCCTTGCGTTCTTATGAGCTATTGCCCTCTGAGCCAATGGCTTGTTAATTGCTTGGTTCTTGCAAAATGCTTTGCGCGCTGTTATTCAGGTTTCTACCTTCGTGGTTTTACTTGAGTGACGCTGCTCATGCTTGCAACCGCTGGGATGCAGGTGCATGCCTCTA,0.6080518595642295,0.032191106819830846,13,5,SCF055
C1b,AATGGCCTCCTGAACGTGCGTTGCACTCTTGGGATTTCCTGAGAGTATGTCTGCTTCAGTGCTTAACTTGCCCCAACTTTGCAAGCAGATGTGTTTCTGCCTTGCGTTCTTATGAGCTATTGCCCTCTGAGCCAATGGCTTGTTAATTGCTTGGTTCTTGCAAAATGCTTTGCGCGCTGTTATTCAGGTTTCTACCTTCGTGGTTTTACTTGAGTGACGCTGCTCATGCTTGCAACCGCTGGGATGCAGGTGCATGCCTCTA,0.10785220716809137,0.016222819247399038,13,5,SCF055
C42.2,AATGGCCTCCTGAACGTGCGTTGCACTCTTGGGATTTCCTGAGAGTATGTCTGCTTCAGTGCTTAACTTGCCCCAACTTTGCAAGCAGGATGTGTTTCTGCCTTGCGTTCTTATGAGCTATTGCCCTCTGAGCCAATGGCTTGTGAATTGCTTGGTTCTTGCAAAATGCTTTGCGCGCTGTTATTCAGGTTTCTACCTTCGTGGTTTTACTTGAGTGACGCTGCTCATGCTTGCAACCGCTGGGATGCAGGTGCATGCCTCTA,0.057388546792148006,0.008885428280487764,13,5,SCF055
C1c,AATGGCCTCCTGAATGTGCGTTGCACTCTTGGGATTTCCTGAGAGTATGTCTGCTTCAGTGCTTAACTTGCCCCAACTTTGCAAGCAGGATGTGTTTCTGCCTTGCGTTCTTATGAGCTATTGCCCTCTGAGCCAATGGCTTGTTAATTGCTTGGTTCTTGCAAAATGCTTTGCGCGCTGTTATTCAGGTTTCTACCTTCGTGGTTTTACTTGAGTGACGCTGCTCATGCTTGCAACCGCTGGGATGCAGGTGCATGCCTCTA,0.042785385713753524,0.0056149431794282395,13,5,SCF055
C1bh,AATGGCCTCCTGAACGTGCGTTGCACTCTTGGGATTTCCTGAGAGTATGTCTGCTTCAGTGCTTAACTTGCCCCAACTTTGCAAGCAGATGTGTTTCTGCCTTGCGTTCTTATGAGCTATTGCCCTCTGAGCCAATGGCTTGTTAATTGCTTGGTTCTTGCAAAATGCTTTGCGCGCTGTTATTCAGGTTTCTACCTTCGTGGTTTTACTTGAGTAACGCTGCTCATGCTTGCAACCGCTGGGATGCAGGTGCATGCCTCTA,0.04227883256923579,0.008034344015821385,13,5,SCF055
C1br,AATGGCCTCCTGAACGTGCGTTGCACTCTTGGGATTTCCTGAGAGTATGTCTGCTTCAGTGCTTAACTTGCCCCAACTTTGCAAGCAGGATGTGTTTCTGCCTTGCGTTCTTATGAACTATTGCCCTCTGAGCCAATGGCTTGTTAATTGCTTGGTTCTTGCAAAATGCTTTGCGCGCTGTTATTCAGGTTTCTACCTTCGTGGTTTTACTTGAGTGACGCTGCTCATGCTTGCAACCGCTGGGATGCAGGTGCATGCCTCTA,0.02582577359912378,0.004888130960602153,13,5,SCF055
C1cb,AATGGCCTCCTGAACGTGCGTTGCACTCTTGGGATTTCCTGAGAGTATGTCTGCTTCAGTGCTTAACTTGCCCCAACTTTGCAAACAGATGTGTTTCTGCCTTGCGTTCTTATGAGCTATTGCCCTCTGAGCCAATGGCTTGTTAATTGCTTGGTTCTTGCAAAATGCTTTGCGCGCTGTTATTCAGGTTTCTACCTTCGTGGTTTTACTTGAGTGACGCTGCTCATGCTTGCAACCGCTGGGATGCAGGTGCATGCCTCTA,0.019019040972186218,0.005832036335001019,13,5,SCF055
C3,AATGGCCTCCTGAACGTGCGTTGCACTCTTGGGATTTCCTGAGAGTATGTCTGCTTCAGTGCTTAACTTGCCCCAACTTTGCAAGCAGGATGTGTTTCTGCCTTGCGTTCTTATGAGCTATTGCCCTCTGAGCCAATGGCTTGTTAATTGCTTGGTTCTTGCAAAATGCTTTGCGCGCTGTTATTCAAGTTTCTACCTTCGTGGTTTTACTTGAGTGACGCTGCTCATGCTTGCAACCGCTGGGATGCAGGTGCATGCCTCTA,0.018551930801574777,0.011401340598287868,13,5,SCF055
C1cv,AATGGCCTCCTGAACGTGCGTTGCACTCTTGGGATTTCCTGAGAGTATGTCTGCTTCAGTGCTTAACTTGCCCCAACTTTGCAAGCAGGATGTGTTTCTGCCTTGCGTTCTTATGAGCTATTGCCCTCTGAGCCAATGGCTTGTTAATTGCTTGGTTCTTGCAAAATGCTTTGCGCGCTGTTATTCAGGTTTCTACCTTCGTGGTTTTACTTGAGTAACGCTGCTCATGCTTGCAACCGCTGGGATGCAGGTGCATGCCTCTA,0.014469621152005913,0.005716935005246502,8,3,SCF055
C72k,AATGGCCTCCTGAACGTGCGTTGCACTCTTGGGATTTCCTGAGAGTATGTCTGCTTCAGTGCTTAACTTGCCCCAACTTTGCAAGCAGGATGTGTTTCTGCCTTGCGTTCTTATGAGCTGTTGCCAATGGCTTGTTAATTGCTTGGTTCTTGCAAAATGCTTTGCGCGCTGTTATTCAGGTTTCTACCTTCGTGGTTTTACTTGAGTGACGCTGCTCATGCTTGCAACCGCTGGGATGCAGGTGCATGCCTCTA,0.01188399562981523,0.0034696923869168366,13,5,SCF055
C1ge,AAATGGCCTCCTGAACGTGCGTTGCACTCTTGGGATTTCCTGAGAGTATGTCTGCTTCAGTGCTTAACTTGCCCCAACTTTGCAAGCAGGATGTGTTTCTGCCTTGCGTTCTTATGAGCTATTGCCCTCTGAGCCAATGGCTTGTTAATTGCTTGGTTCTTGCAAAATGCTTTGCGCGCTGTTATTCAGGTTTCTACCTTCGTGGTTTTACTTGAGTGACGCTGCTCATGCTTGCAACCGCTGGGATGCAGGTGCATGCCTCT,0.01059136480708428,0.0036905614276724007,12,4,SCF055
C3ju,AATGGCCTCCTGAACGTGCGTTGCACTCTTGGGATTTCCTGAGAGTATGTCTGCTTCAGTGCTTAACTTGCCCCAACTTTGCAAGCAGGATGTGTTTCTGCCTTGCGTTCTTATGAGCTATTGCCCTCTGAGCCAATGGCTTGTTAATTGTTTGGTTCTTGCAAAATGCTTTGCGCGCTGTTATTCAGGTTTCTACCTTCGTGGTTTTACTTGAGTGACGCTGCTCATGCTTGCAACCGCTGGGATGCAGGTGCATGCCTCTA,0.01020787439595422,0.0012738011462101702,13,5,SCF055
C1w,AATGGCCTCCTGAACGTGCGTTGCACTCTTGGGATTTCCTGAGAGTATGTCTGCTTCAGTGCTTAACTTGCCCCAACTTTGCAAGCAGGATGTGTTTCTGCCTTGCGTTCTTATGAGCTATTGCCCTCTGAGCCAATGGCTTGTTAATTGCTTGGTTCTTGCAAAATGCTTTGCGCGCTGTTATTCAGGTTTCTACCTTTGTGGTTTTACTTGAGTGACGCTGCTCATGCTTGCAACCGCTGGGATGCAGGTGCATGCCTCTA,0.009967317403993523,0.0017429165124773962,13,5,SCF055
C1al,AATGGCCTCCTGAACGTGCGTTGCACTCTTGGGATTTCCTGAGAGTATGTCTGCTTCAGTGCTTAACTTGCCCCAACTTTGCAAGCAGGATGTGTTTCTGCCTTGCGTTCTTATGAGCTATTGCCCTCTGAGCCAATGGCTTGTTAATTGCTTCGTTCTTGCAAAATGCTTTGCGCGCTGTTATTCAGGTTTCTACCTTCGTGGTTTTACTTGAGTGACGCTGCTCATGCTTGCAACCGCTGGGATGCAGGTGCATGCCTCTA,0.007102738733136273,7.221852412627672e-4,12,4,SCF055
C42ao,AATGGCCTCCTGAACGTGCGTTGCACTCTTGGGATTTCCTGAGAGTATGTCTGCTTCAGTGCTTAACTTGCCCCAACTTTGCAAGCAGATGTGTTTCTGCCTTGCGTTCTTATGAGCTATTGCCCTCTGAGCCAATGGCTTGTGAATTGCTTGGTTCTTGCAAAATGCTTTGCGCGCTGTTATTCAGGTTTCTACCTTCGTGGTTTTACTTGAGTGACGCTGCTCATGCTTGCAACCGCTGGGATGCAGGTGCATGCCTCTA,0.0055510611912843455,9.489533582668959e-4,13,5,SCF055
C1jx,AATGGCCTCCTGAACGTGCGTTGCACTCTTGGGATTTCCTGAGAGTATGTCTGCTTCAGTGCTTAACTTGCCCCAACTTTGCAAGCAGGATGTGTTTCTGCCTTGCGTTCTTATGAGCTATTGCCCTCTGAGCCAATGGCTTGTTAATTGCTTGGTTCTTGCAAAGCGCGCTGTTATTCAGGTTTCTACCTTCGTGGTTTTACTTGAGTGACGCTGCTCATGCTTGCAACCGCTGGGATGCAGGTGCATGCCTCTA,0.005361041573366693,9.137024218583886e-4,12,5,SCF055
C3sa,AATGGCCTCCTGAACGTGCGTTGCACTCTTGGGATTTCCTGAGAGTATGTCTGCTTCAGTGCTTAACTTGCCCCAACTTTGCAAGCAGGATGTGTTTCTGCCTTGCGTTCTTATGAGCTATTGCCCTCTGAGCCAATGGCTTGTTAATTGCCTGGTTCTTGCAAAATGCTTTGCGCGCTGTTATTCAGGTTTCTACCTTCGTGGTTTTACTTGAGTGACGCTGCTCATGCTTGCAACCGCTGGGATGCAGGTGCATGCCTCTA,0.005297628840660387,0.0010267911434498874,10,5,SCF055
C42ca,AATGGCCTCCTGAACGTGCGTTGCACTCTTGGGATTTCCTGAGAGTATGTCTGCTTCAGTGCTTAACTTGCCCCAACTTTGCAAGCAGGATGTGTTTCTGCCTTGCGTTCTTATGAGCTATTGCCCTCTGAGCCAATGGCTTGTTAATTGCTTGGTTCTTGCAAAATGCTTTGCGCGCCGTTATTCAAGTTTCTACCTTCGTGGTTTTACTTGAGTGACGCTGCTCATGCTTGCAACCGCTGGGATGCAGGTGCATGCCTCTA,0.005200177446822874,6.635435279734644e-4,9,5,SCF055
C1cu,AATGGCCTCCTGAACGTGCGTTGCACTCTTGGGATTTCCTGAGAGTATGTCTGCTTCAGTGCTTAACTTGCCCCAACTTTGCAAGCAGGATGTGTTTCTGCCTTGCGTTCTTATGAGCTATTGCCCTCTGAGCCAATGGCTTGTTAATTGCTTGGTTCTTGCAAAATGCTTTGTGCGCTGTTATTCAGGTTTCTACCTTCGTGGTTTTACTTGAGTGACGCTGCTCATGCTTGCAACCGCTGGGATGCAGGTGCATGCCTCTA,0.005153381224974765,5.711906054066117e-4,7,2,SCF055
