plug_label,colony_id,bleach_treat,symbiont_treat,treatment,tank,treat_tank,coord_plot,t00,t14
236,B,Control,C,C,1,C_1,"7, 1",4.444,7.495
603,D,Control,C,C,1,C_1,"7, 3",7.946,11.742
1093,F,Control,C,C,1,C_1,"7, 5",3.455,7.774
417,C,Control,C,C,1,C_1,"7, 7",2.757,3.366
1111,F,Control,C,C,1,C_1,"7, 9",6.911,8.997
608,D,Control,C,C,1,C_1,"7, 11",6.438,9.492
931,E,Control,C,C,1,C_1,"6, 2",2.667,3.757
10,A,Control,C,C,1,C_1,"6, 4",5.544,7.542
1123,F,Control,C,C,1,C_1,"6, 6",5.689,8.618
969,E,Control,C,C,1,C_1,"6, 8",7.277,9.515
677,D,Control,C,C,1,C_1,"6, 10",2.482,3.048
1064,F,Control,C,C,1,C_1,"6, 12",7.198,13.339
874,E,Control,C,C,1,C_1,"5, 1",3.383,3.973
591,C,Control,C,C,1,C_1,"5, 3",2.75,4.277
235,B,Control,C,C,1,C_1,"5, 5",6.612,11.333
561,C,Control,C,C,1,C_1,"5, 7",4.033,8.525
328,B,Control,C,C,1,C_1,"5, 9",7.022,11.563
876,E,Control,C,C,1,C_1,"5, 11",6.176,8.189
1178,F,Control,C,C,1,C_1,"4, 2",7.202,13.351
776,D,Control,C,C,1,C_1,"4, 4",5.033,9.361
26,A,Control,C,C,1,C_1,"4, 6",5.56,8.846
697,D,Control,C,C,1,C_1,"4, 8",3.648,NA
412,C,Control,C,C,1,C_1,"4, 10",3.45,5.268
299,B,Control,C,C,1,C_1,"4, 12",6.319,11.228
178,B,Control,C,C,1,C_1,"3, 1",3.967,8.211
889,E,Control,C,C,1,C_1,"3, 3",3.432,5.208
564,C,Control,C,C,1,C_1,"3, 5",3.836,6.162
215,B,Control,C,C,1,C_1,"3, 7",4.822,10.464
138,A,Control,C,C,1,C_1,"3, 9",5.241,7.882
1134,F,Control,C,C,1,C_1,"3, 11",4.145,9.96
811,D,Control,C,C,1,C_1,"2, 2",4.232,6.628
1090,F,Control,C,C,1,C_1,"2, 4",4.309,7.974
771,D,Control,C,C,1,C_1,"2, 6",3.301,6.379
972,E,Control,C,C,1,C_1,"2, 8",6.494,8.483
208,B,Control,C,C,1,C_1,"2, 10",4.676,9.017
806,D,Control,C,C,1,C_1,"2, 12",4.106,4.123
325,B,Control,C,C,1,C_1,"1, 1",7.989,11.786
1213,F,Control,C,C,1,C_1,"1, 5",6.607,11.41
1151,F,Control,C,C,1,C_1,"1, 7",3.583,4.82
133,A,Control,C,C,1,C_1,"1, 9",5.224,8.618
648,D,Control,C,C,1,C_1,"1, 11",2.47,3.172
385,C,Control,C,C,1,C_1,"1, 3",4.912,8.893
764,D,Low,RIC,L_RIC,1,L_RIC_1,"7, 3",2.114,3.172
200,B,Low,RIC,L_RIC,1,L_RIC_1,"7, 5",7.458,9.958
878,E,Low,RIC,L_RIC,1,L_RIC_1,"7, 7",3.726,3.545
56,A,Low,RIC,L_RIC,1,L_RIC_1,"7, 9",5.283,4.34
1169,F,Low,RIC,L_RIC,1,L_RIC_1,"7, 11",5.292,8.1
951,E,Low,RIC,L_RIC,1,L_RIC_1,"6, 2",4.6,3.736
165,A,Low,RIC,L_RIC,1,L_RIC_1,"6, 4",4.958,2.464
527,C,Low,RIC,L_RIC,1,L_RIC_1,"6, 6",4.258,5.893
958,E,Low,RIC,L_RIC,1,L_RIC_1,"6, 8",4.464,4.018
763,D,Low,RIC,L_RIC,1,L_RIC_1,"6, 10",3.133,3.649
62,A,Low,RIC,L_RIC,1,L_RIC_1,"6, 12",4.594,3.226
289,B,Low,RIC,L_RIC,1,L_RIC_1,"5, 1",4.854,6.769
353,C,Low,RIC,L_RIC,1,L_RIC_1,"5, 5",2.81,3.332
17,A,Low,RIC,L_RIC,1,L_RIC_1,"5, 7",3.325,3.755
506,C,Low,RIC,L_RIC,1,L_RIC_1,"5, 9",2.618,3.054
1065,F,Low,RIC,L_RIC,1,L_RIC_1,"5, 11",6.358,8.232
615,D,Low,RIC,L_RIC,1,L_RIC_1,"4, 2",3.378,2.356
325,B,Low,RIC,L_RIC,1,L_RIC_1,"4, 4",7.603,9.777
284,B,Low,RIC,L_RIC,1,L_RIC_1,"4, 6",6.431,7.613
891,E,Low,RIC,L_RIC,1,L_RIC_1,"4, 8",3.278,2.953
456,C,Low,RIC,L_RIC,1,L_RIC_1,"4, 10",4.131,5.11
1080,F,Low,RIC,L_RIC,1,L_RIC_1,"3, 1",6.497,8.122
733,D,Low,RIC,L_RIC,1,L_RIC_1,"3, 5",2.911,4.204
810,D,Low,RIC,L_RIC,1,L_RIC_1,"3, 7",3.581,3.552
716,D,Low,RIC,L_RIC,1,L_RIC_1,"3, 9",2.519,2.222
1047,F,Low,RIC,L_RIC,1,L_RIC_1,"3, 11",5.975,7.042
463,C,Low,RIC,L_RIC,1,L_RIC_1,"2, 2",3.583,4.71
213,B,Low,RIC,L_RIC,1,L_RIC_1,"2, 4",6.397,8.221
906,E,Low,RIC,L_RIC,1,L_RIC_1,"2, 8",4.042,3.851
55,A,Low,RIC,L_RIC,1,L_RIC_1,"2, 10",4.718,5.023
643,D,Low,RIC,L_RIC,1,L_RIC_1,"2, 12",5.531,6.277
168,A,Low,RIC,L_RIC,1,L_RIC_1,"1, 1",4.341,4.527
201,B,Low,RIC,L_RIC,1,L_RIC_1,"1, 3",5.111,6.339
413,C,Low,RIC,L_RIC,1,L_RIC_1,"1, 9",3.25,5.544
64,A,Low,RIC,L_RIC,1,L_RIC_1,"1, 11",5.111,NA
22,A,Medium,RIC,M_RIC,1,M_RIC_1,"7, 3",6.27,1.551
166,A,Medium,RIC,M_RIC,1,M_RIC_1,"7, 5",4.521,3.156
687,D,Medium,RIC,M_RIC,1,M_RIC_1,"7, 7",2.717,NA
283,B,Medium,RIC,M_RIC,1,M_RIC_1,"6, 2",5.379,4.631
1132,F,Medium,RIC,M_RIC,1,M_RIC_1,"6, 6",3.739,3.888
130,A,Medium,RIC,M_RIC,1,M_RIC_1,"6, 8",3.986,2.058
929,E,Medium,RIC,M_RIC,1,M_RIC_1,"6, 10",2.608,2.404
306,B,Medium,RIC,M_RIC,1,M_RIC_1,"6, 12",5.931,5.397
51,A,Medium,RIC,M_RIC,1,M_RIC_1,"5, 7",6.381,2.153
286,B,Medium,RIC,M_RIC,1,M_RIC_1,"4, 2",7.163,7.184
787,D,Medium,RIC,M_RIC,1,M_RIC_1,"4, 4",3.739,3.66
595,D,Medium,RIC,M_RIC,1,M_RIC_1,"4, 6",4.145,2.989
1115,F,Medium,RIC,M_RIC,1,M_RIC_1,"4, 8",5.129,5.681
34,A,Medium,RIC,M_RIC,1,M_RIC_1,"4, 10",6.152,1.523
343,C,Medium,RIC,M_RIC,1,M_RIC_1,"4, 12",2.955,3.227
989,E,Medium,RIC,M_RIC,1,M_RIC_1,"3, 1",4.414,3.367
196,B,Medium,RIC,M_RIC,1,M_RIC_1,"3, 3",5.279,5.305
191,B,Medium,RIC,M_RIC,1,M_RIC_1,"3, 5",6.012,4.81
1025,F,Medium,RIC,M_RIC,1,M_RIC_1,"3, 9",5.091,5.152
1050,F,Medium,RIC,M_RIC,1,M_RIC_1,"2, 4",4.381,5.172
369,C,Medium,RIC,M_RIC,1,M_RIC_1,"2, 6",2.23,2.027
660,D,Medium,RIC,M_RIC,1,M_RIC_1,"2, 10",2.66,0.903
183,B,Medium,RIC,M_RIC,1,M_RIC_1,"1, 1",5.651,5.658
641,D,Medium,RIC,M_RIC,1,M_RIC_1,"1, 5",3.074,3.273
182,B,Medium,RIC,M_RIC,1,M_RIC_1,"1, 7",5.365,5.666
1118,F,Medium,RIC,M_RIC,1,M_RIC_1,"1, 9",5.464,6.139
82,A,Medium,RIC,M_RIC,1,M_RIC_1,"1, 11",5.87,4.64
114,A,Severe,RIC,S_RIC,1,S_RIC_1,"7, 1",7.261,2.37
223,B,Severe,RIC,S_RIC,1,S_RIC_1,"7, 3",5.368,2.431
1059,F,Severe,RIC,S_RIC,1,S_RIC_1,"7, 7",5.142,4.771
623,D,Severe,RIC,S_RIC,1,S_RIC_1,"7, 9",4.105,2.223
399,C,Severe,RIC,S_RIC,1,S_RIC_1,"7, 11",3.905,2.561
146,A,Severe,RIC,S_RIC,1,S_RIC_1,"6, 4",4.387,2.614
654,D,Severe,RIC,S_RIC,1,S_RIC_1,"6, 6",3.965,1.653
1179,F,Severe,RIC,S_RIC,1,S_RIC_1,"6, 8",9.288,9.548
455,C,Severe,RIC,S_RIC,1,S_RIC_1,"6, 10",2.087,0.56
507,C,Severe,RIC,S_RIC,1,S_RIC_1,"6, 12",5.7,1.945
837,E,Severe,RIC,S_RIC,1,S_RIC_1,"5, 1",3.956,0.342
206,B,Severe,RIC,S_RIC,1,S_RIC_1,"5, 3",5.162,3.865
959,E,Severe,RIC,S_RIC,1,S_RIC_1,"5, 7",3.297,0.036
444,C,Severe,RIC,S_RIC,1,S_RIC_1,"5, 9",2.615,1.238
1142,F,Severe,RIC,S_RIC,1,S_RIC_1,"4, 8",5.708,4.715
333,C,Severe,RIC,S_RIC,1,S_RIC_1,"4, 10",2.695,2.219
174,A,Severe,RIC,S_RIC,1,S_RIC_1,"4, 12",2.944,1.33
240,B,Severe,RIC,S_RIC,1,S_RIC_1,"3, 1",6.082,4.965
890,E,Severe,RIC,S_RIC,1,S_RIC_1,"3, 5",2.515,0.153
1117,F,Severe,RIC,S_RIC,1,S_RIC_1,"3, 11",3.069,3.615
547,C,Severe,RIC,S_RIC,1,S_RIC_1,"2, 4",2.922,1.746
872,E,Severe,RIC,S_RIC,1,S_RIC_1,"2, 6",3.324,NA
1067,F,Severe,RIC,S_RIC,1,S_RIC_1,"2, 8",5.497,5.459
1205,F,Severe,RIC,S_RIC,1,S_RIC_1,"2, 10",5.73,4.013
696,D,Severe,RIC,S_RIC,1,S_RIC_1,"2, 12",5.737,2.948
326,B,Severe,RIC,S_RIC,1,S_RIC_1,"1, 1",5.916,5.018
1095,F,Severe,RIC,S_RIC,1,S_RIC_1,"1, 3",4.938,5.251
265,B,Severe,RIC,S_RIC,1,S_RIC_1,"1, 5",4.651,3.647
429,C,Severe,RIC,S_RIC,1,S_RIC_1,"1, 7",4.575,3.05
596,D,Severe,RIC,S_RIC,1,S_RIC_1,"1, 9",5.347,3.146
912,E,Severe,RIC,S_RIC,1,S_RIC_1,"1, 11",5.362,NA
805,D,Severe,SD,S_SD,1,S_SD_1,"7, 1",2.866,1.717
1069,F,Severe,SD,S_SD,1,S_SD_1,"7, 3",5.725,4.243
74,A,Severe,SD,S_SD,1,S_SD_1,"7, 7",6.383,1.844
13,A,Severe,SD,S_SD,1,S_SD_1,"7, 9",3.439,0.905
414,C,Severe,SD,S_SD,1,S_SD_1,"7, 11",2.59,2.445
945,E,Severe,SD,S_SD,1,S_SD_1,"6, 2",4.642,NA
999,F,Severe,SD,S_SD,1,S_SD_1,"6, 4",6.523,6.7
756,D,Severe,SD,S_SD,1,S_SD_1,"6, 6",3.378,1.761
668,D,Severe,SD,S_SD,1,S_SD_1,"6, 10",3.393,1.375
228,B,Severe,SD,S_SD,1,S_SD_1,"5, 1",3.558,2.547
226,B,Severe,SD,S_SD,1,S_SD_1,"5, 3",4.725,3.349
120,A,Severe,SD,S_SD,1,S_SD_1,"5, 5",4.943,NA
679,D,Severe,SD,S_SD,1,S_SD_1,"5, 7",2.742,1.864
1037,F,Severe,SD,S_SD,1,S_SD_1,"5, 9",5.945,5.21
877,E,Severe,SD,S_SD,1,S_SD_1,"4, 6",3.051,1.426
778,D,Severe,SD,S_SD,1,S_SD_1,"4, 8",3.346,1.867
164,A,Severe,SD,S_SD,1,S_SD_1,"4, 10",3.493,1.652
96,A,Severe,SD,S_SD,1,S_SD_1,"3, 5",5.453,3.051
134,A,Severe,SD,S_SD,1,S_SD_1,"3, 11",4.986,1.458
395,C,Severe,SD,S_SD,1,S_SD_1,"2, 2",5.652,4.845
836,E,Severe,SD,S_SD,1,S_SD_1,"2, 4",6.603,NA
1060,F,Severe,SD,S_SD,1,S_SD_1,"2, 8",4.243,3.926
293,B,Severe,SD,S_SD,1,S_SD_1,"2, 10",5.645,4.817
220,B,Severe,SD,S_SD,1,S_SD_1,"2, 12",4.095,2.06
840,E,Severe,SD,S_SD,1,S_SD_1,"1, 1",3.251,0.458
1145,F,Severe,SD,S_SD,1,S_SD_1,"1, 5",6.72,NA
7,A,Severe,SD,S_SD,1,S_SD_1,"1, 7",4.556,6.759
141,A,Severe,SD,S_SD,1,S_SD_1,"1, 11",4.271,1.024
600,D,Severe,SS8,S_SS8,1,S_SS8_1,"7, 1",4.613,0.719
852,E,Severe,SS8,S_SS8,1,S_SS8_1,"7, 3",5.411,NA
932,E,Severe,SS8,S_SS8,1,S_SS8_1,"7, 5",2.995,0.393
853,E,Severe,SS8,S_SS8,1,S_SS8_1,"7, 7",5.114,0.438
604,D,Severe,SS8,S_SS8,1,S_SS8_1,"7, 9",4.265,1.125
440,C,Severe,SS8,S_SS8,1,S_SS8_1,"6, 2",2.976,0.55
1054,F,Severe,SS8,S_SS8,1,S_SS8_1,"6, 6",6.332,5.508
189,B,Severe,SS8,S_SS8,1,S_SS8_1,"6, 8",4.987,2.931
1207,F,Severe,SS8,S_SS8,1,S_SS8_1,"6, 12",8.153,6.445
666,D,Severe,SS8,S_SS8,1,S_SS8_1,"5, 3",4.293,1.471
613,D,Severe,SS8,S_SS8,1,S_SS8_1,"5, 9",5.071,1.437
66,A,Severe,SS8,S_SS8,1,S_SS8_1,"5, 11",6.039,NA
256,B,Severe,SS8,S_SS8,1,S_SS8_1,"4, 6",3.63,2.706
605,D,Severe,SS8,S_SS8,1,S_SS8_1,"4, 8",4.18,1.292
28,A,Severe,SS8,S_SS8,1,S_SS8_1,"4, 10",6.939,3.118
473,C,Severe,SS8,S_SS8,1,S_SS8_1,"3, 1",3.376,1.246
1019,F,Severe,SS8,S_SS8,1,S_SS8_1,"3, 5",2.6,1.925
909,E,Severe,SS8,S_SS8,1,S_SS8_1,"3, 11",2.127,NA
1222,F,Severe,SS8,S_SS8,1,S_SS8_1,"2, 2",7.679,7.016
288,B,Severe,SS8,S_SS8,1,S_SS8_1,"2, 4",3.372,2.365
466,C,Severe,SS8,S_SS8,1,S_SS8_1,"2, 6",4.068,2.458
18,A,Severe,SS8,S_SS8,1,S_SS8_1,"2, 8",6.18,1.958
148,A,Severe,SS8,S_SS8,1,S_SS8_1,"2, 10",6.531,0.89
161,A,Severe,SS8,S_SS8,1,S_SS8_1,"2, 12",3.008,1.105
827,E,Severe,SS8,S_SS8,1,S_SS8_1,"1, 1",3.422,0.848
1052,F,Severe,SS8,S_SS8,1,S_SS8_1,"1, 5",5.614,4.832
277,B,Severe,SS8,S_SS8,1,S_SS8_1,"1, 7",6.047,3.418
260,B,Severe,SS8,S_SS8,1,S_SS8_1,"1, 11",5.844,1.097
108,A,Severe,SS8,S_SS8,1,S_SS8_1,"4, 12",4.463,1.311
257,B,Medium,SD,M_SD,1,M_SD_1,"7, 3",5.523,NA
1183,F,Medium,SD,M_SD,1,M_SD_1,"7, 7",6.95,NA
970,E,Medium,SD,M_SD,1,M_SD_1,"7, 11",6.325,5.401
1104,F,Medium,SD,M_SD,1,M_SD_1,"6, 2",4.6,6.191
884,E,Medium,SD,M_SD,1,M_SD_1,"6, 4",3.941,2.476
375,C,Medium,SD,M_SD,1,M_SD_1,"6, 6",1.726,2.178
446,C,Medium,SD,M_SD,1,M_SD_1,"6, 10",3.08,3.864
520,C,Medium,SD,M_SD,1,M_SD_1,"6, 12",3.786,4.499
855,E,Medium,SD,M_SD,1,M_SD_1,"5, 9",5.475,4.417
980,E,Medium,SD,M_SD,1,M_SD_1,"5, 11",1.872,0.586
136,A,Medium,SD,M_SD,1,M_SD_1,"4, 2",3.102,2.716
253,B,Medium,SD,M_SD,1,M_SD_1,"4, 4",6.574,6.624
278,B,Medium,SD,M_SD,1,M_SD_1,"4, 6",6.06,6.248
675,D,Medium,SD,M_SD,1,M_SD_1,"3, 1",2.022,2.228
871,E,Medium,SD,M_SD,1,M_SD_1,"3, 7",5.232,4.322
1208,F,Medium,SD,M_SD,1,M_SD_1,"2, 4",5.68,7.882
104,A,Medium,SD,M_SD,1,M_SD_1,"2, 6",6.732,5.218
480,C,Medium,SD,M_SD,1,M_SD_1,"2, 8",5.545,6.591
188,B,Medium,SD,M_SD,1,M_SD_1,"2, 10",5.941,6.759
1027,F,Medium,SD,M_SD,1,M_SD_1,"2, 12",4.709,5.684
308,B,Medium,SD,M_SD,1,M_SD_1,"1, 3",5.836,5.011
851,E,Medium,SD,M_SD,1,M_SD_1,"1, 5",3.832,3.355
1006,F,Medium,SD,M_SD,1,M_SD_1,"1, 7",5.758,6.252
1045,F,Medium,SD,M_SD,1,M_SD_1,"1, 9",5.464,6.974
602,D,Medium,SD,M_SD,1,M_SD_1,"1, 11",5.011,4.157
129,A,Medium,SS8,M_SS8,1,M_SS8_1,"7, 1",4.42,NA
825,E,Medium,SS8,M_SS8,1,M_SS8_1,"7, 3",3.963,NA
185,B,Medium,SS8,M_SS8,1,M_SS8_1,"7, 7",6.849,NA
934,E,Medium,SS8,M_SS8,1,M_SS8_1,"7, 9",6.607,NA
49,A,Medium,SS8,M_SS8,1,M_SS8_1,"7, 11",3.888,NA
1056,F,Medium,SS8,M_SS8,1,M_SS8_1,"6, 2",6.173,NA
401,C,Medium,SS8,M_SS8,1,M_SS8_1,"6, 6",6.154,NA
467,C,Medium,SS8,M_SS8,1,M_SS8_1,"6, 8",1.397,NA
637,D,Medium,SS8,M_SS8,1,M_SS8_1,"6, 10",2.367,NA
394,C,Medium,SS8,M_SS8,1,M_SS8_1,"6, 12",3.836,NA
171,A,Medium,SS8,M_SS8,1,M_SS8_1,"5, 1",2.52,NA
713,D,Medium,SS8,M_SS8,1,M_SS8_1,"5, 3",2.464,NA
992,E,Medium,SS8,M_SS8,1,M_SS8_1,"5, 5",2.571,NA
436,C,Medium,SS8,M_SS8,1,M_SS8_1,"5, 7",2.806,NA
460,C,Medium,SS8,M_SS8,1,M_SS8_1,"5, 11",3.869,NA
815,D,Medium,SS8,M_SS8,1,M_SS8_1,"4, 2",3.126,NA
366,C,Medium,SS8,M_SS8,1,M_SS8_1,"4, 4",3.589,NA
250,B,Medium,SS8,M_SS8,1,M_SS8_1,"4, 6",3.711,NA
518,C,Medium,SS8,M_SS8,1,M_SS8_1,"4, 8",4.003,NA
879,E,Medium,SS8,M_SS8,1,M_SS8_1,"4, 10",4.021,NA
701,D,Medium,SS8,M_SS8,1,M_SS8_1,"4, 12",3.23,NA
282,B,Medium,SS8,M_SS8,1,M_SS8_1,"3, 1",5.087,NA
318,B,Medium,SS8,M_SS8,1,M_SS8_1,"3, 3",5.676,NA
239,B,Medium,SS8,M_SS8,1,M_SS8_1,"3, 5",5.879,NA
262,B,Medium,SS8,M_SS8,1,M_SS8_1,"3, 7",4.059,NA
1199,F,Medium,SS8,M_SS8,1,M_SS8_1,"3, 9",8.816,NA
1084,F,Medium,SS8,M_SS8,1,M_SS8_1,"3, 11",5.993,NA
1101,F,Medium,SS8,M_SS8,1,M_SS8_1,"2, 2",3.381,NA
2,A,Medium,SS8,M_SS8,1,M_SS8_1,"2, 4",5.576,NA
248,B,Medium,SS8,M_SS8,1,M_SS8_1,"2, 6",2.604,NA
1215,F,Medium,SS8,M_SS8,1,M_SS8_1,"2, 8",7.619,NA
857,E,Medium,SS8,M_SS8,1,M_SS8_1,"2, 12",2.358,NA
231,B,Medium,SS8,M_SS8,1,M_SS8_1,"1, 1",2.854,NA
470,C,Medium,SS8,M_SS8,1,M_SS8_1,"1, 3",3.025,NA
57,A,Medium,SS8,M_SS8,1,M_SS8_1,"1, 5",6.137,NA
981,E,Low,SD,L_SD,1,L_SD_1,"7, 1",5.729,5.795
1079,F,Low,SD,L_SD,1,L_SD_1,"7, 3",6.461,8.16
162,A,Low,SD,L_SD,1,L_SD_1,"7, 5",5.769,5.81
334,C,Low,SD,L_SD,1,L_SD_1,"7, 7",3.172,3.906
731,D,Low,SD,L_SD,1,L_SD_1,"7, 9",4.24,4.63
216,B,Low,SD,L_SD,1,L_SD_1,"6, 2",5.235,6.016
565,C,Low,SD,L_SD,1,L_SD_1,"6, 6",5.768,6.754
555,C,Low,SD,L_SD,1,L_SD_1,"6, 8",2.644,3.611
113,A,Low,SD,L_SD,1,L_SD_1,"6, 10",4.754,4.739
1016,F,Low,SD,L_SD,1,L_SD_1,"6, 12",8.755,9.972
72,A,Low,SD,L_SD,1,L_SD_1,"5, 1",5.746,4.045
338,C,Low,SD,L_SD,1,L_SD_1,"5, 3",1.965,2.964
21,A,Low,SD,L_SD,1,L_SD_1,"5, 5",4.331,4.399
956,E,Low,SD,L_SD,1,L_SD_1,"5, 7",4.455,4.326
1173,F,Low,SD,L_SD,1,L_SD_1,"5, 11",7.861,9.469
688,D,Low,SD,L_SD,1,L_SD_1,"4, 6",1.933,2.036
607,D,Low,SD,L_SD,1,L_SD_1,"4, 10",5.281,5.628
1164,F,Low,SD,L_SD,1,L_SD_1,"4, 12",2.566,3.176
1160,F,Low,SD,L_SD,1,L_SD_1,"3, 1",3.033,3.237
252,B,Low,SD,L_SD,1,L_SD_1,"3, 5",5.568,7.49
572,C,Low,SD,L_SD,1,L_SD_1,"3, 7",3.67,4.926
39,A,Low,SD,L_SD,1,L_SD_1,"3, 9",5.337,6.107
217,B,Low,SD,L_SD,1,L_SD_1,"3, 11",3.323,4.706
442,C,Low,SD,L_SD,1,L_SD_1,"2, 4",2.521,3.283
848,E,Low,SD,L_SD,1,L_SD_1,"2, 8",4.879,5.503
301,B,Low,SD,L_SD,1,L_SD_1,"2, 10",5.71,7.072
431,C,Low,SD,L_SD,1,L_SD_1,"2, 12",3.312,4.939
1015,F,Low,SD,L_SD,1,L_SD_1,"1, 1",7.246,8.946
280,B,Low,SD,L_SD,1,L_SD_1,"1, 3",4.905,6.934
87,A,Low,SD,L_SD,1,L_SD_1,"1, 7",6.182,3.368
922,E,Low,SS8,L_SS8,1,L_SS8_1,"7, 1",2.821,2.577
287,B,Low,SS8,L_SS8,1,L_SS8_1,"7, 3",6.024,7.033
633,D,Low,SS8,L_SS8,1,L_SS8_1,"7, 7",2.71,2.935
854,E,Low,SS8,L_SS8,1,L_SS8_1,"7, 11",3.994,3.705
181,B,Low,SS8,L_SS8,1,L_SS8_1,"6, 2",5.453,6.816
249,B,Low,SS8,L_SS8,1,L_SS8_1,"6, 4",3.727,5.567
998,F,Low,SS8,L_SS8,1,L_SS8_1,"6, 8",7.13,8.681
624,D,Low,SS8,L_SS8,1,L_SS8_1,"6, 10",2.512,3.033
337,C,Low,SS8,L_SS8,1,L_SS8_1,"6, 12",2.498,3.164
498,C,Low,SS8,L_SS8,1,L_SS8_1,"5, 1",5.071,6.07
1161,F,Low,SS8,L_SS8,1,L_SS8_1,"5, 3",2.993,2.78
270,B,Low,SS8,L_SS8,1,L_SS8_1,"5, 5",4.215,6.209
779,D,Low,SS8,L_SS8,1,L_SS8_1,"5, 7",3.811,4.249
933,E,Low,SS8,L_SS8,1,L_SS8_1,"5, 9",2.556,2.641
1189,F,Low,SS8,L_SS8,1,L_SS8_1,"4, 2",5.394,6.583
341,C,Low,SS8,L_SS8,1,L_SS8_1,"4, 4",3.103,4.235
745,D,Low,SS8,L_SS8,1,L_SS8_1,"4, 8",4.41,5.483
1126,F,Low,SS8,L_SS8,1,L_SS8_1,"4, 10",5.816,7.712
910,E,Low,SS8,L_SS8,1,L_SS8_1,"4, 12",2.815,2.428
43,A,Low,SS8,L_SS8,1,L_SS8_1,"3, 1",4.071,4.704
154,A,Low,SS8,L_SS8,1,L_SS8_1,"3, 3",3.931,4.415
173,A,Low,SS8,L_SS8,1,L_SS8_1,"3, 5",3.358,1.971
54,A,Low,SS8,L_SS8,1,L_SS8_1,"3, 9",6.899,7.09
1157,F,Low,SS8,L_SS8,1,L_SS8_1,"3, 11",5.408,5.539
4,A,Low,SS8,L_SS8,1,L_SS8_1,"2, 2",4.74,4.979
68,A,Low,SS8,L_SS8,1,L_SS8_1,"2, 4",6.086,5.607
703,D,Low,SS8,L_SS8,1,L_SS8_1,"2, 6",2.576,2.751
159,A,Low,SS8,L_SS8,1,L_SS8_1,"2, 10",3.881,3.446
160,A,Low,SS8,L_SS8,1,L_SS8_1,"2, 12",5.387,3.731
1156,F,Low,SS8,L_SS8,1,L_SS8_1,"1, 1",2.341,2.457
766,D,Low,SS8,L_SS8,1,L_SS8_1,"1, 3",2.006,2.858
946,E,Low,SS8,L_SS8,1,L_SS8_1,"1, 7",5.021,5.198
1180,F,Low,SS8,L_SS8,1,L_SS8_1,"1, 9",4.319,3.64
219,B,Low,RIC,L_RIC,2,L_RIC_2,"7, 3",3.307,6.431
24,A,Low,RIC,L_RIC,2,L_RIC_2,"7, 5",5.31,5.889
642,D,Low,RIC,L_RIC,2,L_RIC_2,"6, 2",3.332,3.602
814,D,Low,RIC,L_RIC,2,L_RIC_2,"6, 4",3.019,3.073
145,A,Low,RIC,L_RIC,2,L_RIC_2,"6, 6",4.964,4.615
267,B,Low,RIC,L_RIC,2,L_RIC_2,"6, 8",3.852,5.502
197,B,Low,RIC,L_RIC,2,L_RIC_2,"6, 10",5.914,8.802
128,A,Low,RIC,L_RIC,2,L_RIC_2,"6, 12",5.515,6.722
291,B,Low,RIC,L_RIC,2,L_RIC_2,"5, 1",6.905,9.414
1012,F,Low,RIC,L_RIC,2,L_RIC_2,"5, 5",5.92,8.327
575,C,Low,RIC,L_RIC,2,L_RIC_2,"5, 7",4.312,5.589
300,B,Low,RIC,L_RIC,2,L_RIC_2,"5, 9",6.088,8.984
83,A,Low,RIC,L_RIC,2,L_RIC_2,"5, 11",6.133,7.97
1034,F,Low,RIC,L_RIC,2,L_RIC_2,"4, 2",6.109,8.794
888,E,Low,RIC,L_RIC,2,L_RIC_2,"4, 8",4.302,4.754
971,E,Low,RIC,L_RIC,2,L_RIC_2,"4, 10",5.208,6.471
1086,F,Low,RIC,L_RIC,2,L_RIC_2,"4, 12",5.338,7.963
491,C,Low,RIC,L_RIC,2,L_RIC_2,"3, 3",5.202,7.177
674,D,Low,RIC,L_RIC,2,L_RIC_2,"3, 5",2.075,2.205
190,B,Low,RIC,L_RIC,2,L_RIC_2,"3, 7",6.928,9.362
1116,F,Low,RIC,L_RIC,2,L_RIC_2,"3, 9",5.22,7.208
1128,F,Low,RIC,L_RIC,2,L_RIC_2,"3, 11",3.766,4.777
881,E,Low,RIC,L_RIC,2,L_RIC_2,"2, 4",3.989,4.245
977,E,Low,RIC,L_RIC,2,L_RIC_2,"2, 8",2.436,2.204
1138,F,Low,RIC,L_RIC,2,L_RIC_2,"2, 10",4.247,6.628
143,A,Low,RIC,L_RIC,2,L_RIC_2,"2, 12",3.494,3.555
772,D,Low,RIC,L_RIC,2,L_RIC_2,"1, 5",3.27,3.63
149,A,Low,RIC,L_RIC,2,L_RIC_2,"1, 7",4.698,5.791
445,C,Low,RIC,L_RIC,2,L_RIC_2,"1, 9",5.251,7.39
905,E,Low,RIC,L_RIC,2,L_RIC_2,"1, 11",3.645,2.791
493,C,Low,SD,L_SD,2,L_SD_2,"6, 4",2.917,4.455
276,B,Low,SD,L_SD,2,L_SD_2,"6, 6",4.242,7.161
883,E,Low,SD,L_SD,2,L_SD_2,"6, 8",5.569,7.437
243,B,Low,SD,L_SD,2,L_SD_2,"6, 10",4.842,7.436
1058,F,Low,SD,L_SD,2,L_SD_2,"6, 12",6.068,8.191
553,C,Low,SD,L_SD,2,L_SD_2,"5, 1",5.705,7.839
885,E,Low,SD,L_SD,2,L_SD_2,"5, 3",3.002,NA
32,A,Low,SD,L_SD,2,L_SD_2,"5, 5",4.758,5.942
229,B,Low,SD,L_SD,2,L_SD_2,"5, 7",4.259,8.274
659,D,Low,SD,L_SD,2,L_SD_2,"5, 9",3.634,5.23
780,D,Low,SD,L_SD,2,L_SD_2,"5, 11",3.653,4.317
913,E,Low,SD,L_SD,2,L_SD_2,"3, 3",3.428,3.629
1186,F,Low,SD,L_SD,2,L_SD_2,"3, 5",6.959,9.933
186,B,Low,SD,L_SD,2,L_SD_2,"3, 7",3.716,6.766
785,D,Low,SD,L_SD,2,L_SD_2,"3, 11",1.815,2.102
30,A,Low,SD,L_SD,2,L_SD_2,"4, 2",5.762,7.588
391,C,Low,SD,L_SD,2,L_SD_2,"4, 4",2.879,4.158
485,C,Low,SD,L_SD,2,L_SD_2,"4, 8",2.14,2.798
710,D,Low,SD,L_SD,2,L_SD_2,"4, 10",2.484,3.516
594,D,Low,SD,L_SD,2,L_SD_2,"2, 2",3.639,5.018
904,E,Low,SD,L_SD,2,L_SD_2,"2, 4",3.667,4.901
194,B,Low,SD,L_SD,2,L_SD_2,"2, 8",5.59,8.654
736,D,Low,SD,L_SD,2,L_SD_2,"2, 10",2.735,3.686
961,E,Low,SD,L_SD,2,L_SD_2,"2, 12",5.411,6.688
1103,F,Low,SD,L_SD,2,L_SD_2,"1, 1",5.065,7.882
902,E,Low,SD,L_SD,2,L_SD_2,"1, 3",2.604,2.617
862,E,Low,SD,L_SD,2,L_SD_2,"1, 7",5.464,7.172
297,B,Low,SD,L_SD,2,L_SD_2,"1, 9",5.025,8.339
1141,F,Low,SS8,L_SS8,2,L_SS8_2,"7, 1",3.934,6.542
843,E,Low,SS8,L_SS8,2,L_SS8_2,"7, 5",5.327,6.168
199,B,Low,SS8,L_SS8,2,L_SS8_2,"7, 7",5.226,7.24
361,C,Low,SS8,L_SS8,2,L_SS8_2,"7, 11",2.795,4.048
3,A,Low,SS8,L_SS8,2,L_SS8_2,"6, 2",4.596,5.185
305,B,Low,SS8,L_SS8,2,L_SS8_2,"6, 6",3.944,5.574
77,A,Low,SS8,L_SS8,2,L_SS8_2,"6, 10",4.814,4.935
298,B,Low,SS8,L_SS8,2,L_SS8_2,"6, 12",7.467,9.51
510,C,Low,SS8,L_SS8,2,L_SS8_2,"5, 1",3.504,4.346
198,B,Low,SS8,L_SS8,2,L_SS8_2,"5, 5",5.071,7.251
521,C,Low,SS8,L_SS8,2,L_SS8_2,"5, 7",4.632,5.612
727,D,Low,SS8,L_SS8,2,L_SS8_2,"5, 9",2.963,3.04
655,D,Low,SS8,L_SS8,2,L_SS8_2,"5, 11",3.061,3.216
1092,F,Low,SS8,L_SS8,2,L_SS8_2,"4, 2",4.42,7.333
234,B,Low,SS8,L_SS8,2,L_SS8_2,"4, 4",6.834,8.814
610,D,Low,SS8,L_SS8,2,L_SS8_2,"4, 6",7.356,7.767
1008,F,Low,SS8,L_SS8,2,L_SS8_2,"4, 8",6.613,8.277
930,E,Low,SS8,L_SS8,2,L_SS8_2,"4, 10",2.314,2.354
92,A,Low,SS8,L_SS8,2,L_SS8_2,"4, 12",4.551,5.195
347,C,Low,SS8,L_SS8,2,L_SS8_2,"3, 1",3.364,4.91
988,E,Low,SS8,L_SS8,2,L_SS8_2,"3, 3",4.047,4.12
908,E,Low,SS8,L_SS8,2,L_SS8_2,"3, 5",4.327,5.35
534,C,Low,SS8,L_SS8,2,L_SS8_2,"3, 7",4.477,6.028
835,E,Low,SS8,L_SS8,2,L_SS8_2,"3, 9",3.421,3.349
927,E,Low,SS8,L_SS8,2,L_SS8_2,"3, 11",2.795,NA
1097,F,Low,SS8,L_SS8,2,L_SS8_2,"2, 10",5.018,6.998
726,D,Low,SS8,L_SS8,2,L_SS8_2,"2, 12",2.756,2.708
691,D,Low,SS8,L_SS8,2,L_SS8_2,"1, 1",4.481,4.076
545,C,Low,SS8,L_SS8,2,L_SS8_2,"1, 3",5.944,7.11
452,C,Low,SS8,L_SS8,2,L_SS8_2,"1, 5",2.397,2.92
1185,F,Low,SS8,L_SS8,2,L_SS8_2,"1, 7",7.739,8.854
1131,F,Medium,RIC,M_RIC,2,M_RIC_2,"7, 1",2.468,2.607
569,C,Medium,RIC,M_RIC,2,M_RIC_2,"7, 3",3.357,3.756
759,D,Medium,RIC,M_RIC,2,M_RIC_2,"7, 5",2.894,2.672
567,C,Medium,RIC,M_RIC,2,M_RIC_2,"7, 7",3.538,3.733
987,E,Medium,RIC,M_RIC,2,M_RIC_2,"7, 9",6.639,5.273
387,C,Medium,RIC,M_RIC,2,M_RIC_2,"6, 4",4.337,6.023
47,A,Medium,RIC,M_RIC,2,M_RIC_2,"6, 6",6.035,2.209
1200,F,Medium,RIC,M_RIC,2,M_RIC_2,"6, 8",8.658,9.138
882,E,Medium,RIC,M_RIC,2,M_RIC_2,"5, 1",3.116,2.572
29,A,Medium,RIC,M_RIC,2,M_RIC_2,"5, 3",5.217,4.716
585,C,Medium,RIC,M_RIC,2,M_RIC_2,"5, 5",3.873,4.509
880,E,Medium,RIC,M_RIC,2,M_RIC_2,"5, 11",4.099,0.361
743,D,Medium,RIC,M_RIC,2,M_RIC_2,"4, 2",2.477,2.371
790,D,Medium,RIC,M_RIC,2,M_RIC_2,"4, 8",4.083,3.791
896,E,Medium,RIC,M_RIC,2,M_RIC_2,"4, 10",5.074,3.311
246,B,Medium,RIC,M_RIC,2,M_RIC_2,"4, 12",3.329,3.066
169,A,Medium,RIC,M_RIC,2,M_RIC_2,"3, 1",2.969,0.318
225,B,Medium,RIC,M_RIC,2,M_RIC_2,"3, 7",4.924,4.879
1026,F,Medium,RIC,M_RIC,2,M_RIC_2,"3, 9",5.969,7.028
1192,F,Medium,RIC,M_RIC,2,M_RIC_2,"3, 11",4.897,6.728
1225,F,Medium,RIC,M_RIC,2,M_RIC_2,"2, 2",4.696,5.543
67,A,Medium,RIC,M_RIC,2,M_RIC_2,"2, 4",4.22,2.397
784,D,Medium,RIC,M_RIC,2,M_RIC_2,"2, 6",2.8,2.807
563,C,Medium,RIC,M_RIC,2,M_RIC_2,"2, 8",4.043,5.029
926,E,Medium,RIC,M_RIC,2,M_RIC_2,"2, 12",4.087,3.841
203,B,Medium,RIC,M_RIC,2,M_RIC_2,"1, 1",4.174,4.457
23,A,Medium,RIC,M_RIC,2,M_RIC_2,"1, 3",5.898,4.506
870,E,Medium,RIC,M_RIC,2,M_RIC_2,"1, 5",3.981,1.322
950,E,Medium,RIC,M_RIC,2,M_RIC_2,"1, 7",4.139,3.928
1071,F,Medium,RIC,M_RIC,2,M_RIC_2,"1, 9",6.54,7.774
259,B,Medium,RIC,M_RIC,2,M_RIC_2,"1, 11",5.879,6.396
126,A,Medium,SD,M_SD,2,M_SD_2,"7, 7",3.228,2.326
516,C,Medium,SD,M_SD,2,M_SD_2,"7, 9",2.886,2.897
364,C,Medium,SD,M_SD,2,M_SD_2,"7, 11",4.187,5.024
45,A,Medium,SD,M_SD,2,M_SD_2,"6, 6",8.67,6.997
665,D,Medium,SD,M_SD,2,M_SD_2,"6, 8",3.645,3.164
1153,F,Medium,SD,M_SD,2,M_SD_2,"6, 10",2.754,2.914
1120,F,Medium,SD,M_SD,2,M_SD_2,"6, 12",6.398,7.771
978,E,Medium,SD,M_SD,2,M_SD_2,"5, 5",4.071,NA
707,D,Medium,SD,M_SD,2,M_SD_2,"5, 7",2.859,2.666
150,A,Medium,SD,M_SD,2,M_SD_2,"5, 11",2.032,1.539
826,E,Medium,SD,M_SD,2,M_SD_2,"4, 4",4.055,3.896
428,C,Medium,SD,M_SD,2,M_SD_2,"4, 6",3.917,5.067
388,C,Medium,SD,M_SD,2,M_SD_2,"4, 10",5.721,6.961
1197,F,Medium,SD,M_SD,2,M_SD_2,"4, 12",6.426,7.464
704,D,Medium,SD,M_SD,2,M_SD_2,"3, 1",3.062,2.339
315,B,Medium,SD,M_SD,2,M_SD_2,"3, 3",5.18,5.27
109,A,Medium,SD,M_SD,2,M_SD_2,"3, 5",5.896,5.161
897,E,Medium,SD,M_SD,2,M_SD_2,"3, 9",3.205,3.418
1046,F,Medium,SD,M_SD,2,M_SD_2,"2, 2",8.01,9.7
1096,F,Medium,SD,M_SD,2,M_SD_2,"2, 4",5.467,7.023
1029,F,Medium,SD,M_SD,2,M_SD_2,"2, 6",4.97,6.417
1143,F,Medium,SD,M_SD,2,M_SD_2,"2, 10",3.999,5.551
868,E,Medium,SD,M_SD,2,M_SD_2,"2, 12",3.703,3.913
311,B,Medium,SD,M_SD,2,M_SD_2,"1, 1",3.684,4.488
157,A,Medium,SD,M_SD,2,M_SD_2,"1, 5",4.376,3.717
900,E,Medium,SD,M_SD,2,M_SD_2,"1, 7",3.842,1.71
774,D,Medium,SD,M_SD,2,M_SD_2,"1, 9",4.135,4.682
271,B,Medium,SD,M_SD,2,M_SD_2,"1, 11",4.318,4.304
1202,F,Medium,SS8,M_SS8,2,M_SS8_2,"7, 1",4.668,5.279
749,D,Medium,SS8,M_SS8,2,M_SS8_2,"7, 3",2.426,2.14
822,E,Medium,SS8,M_SS8,2,M_SS8_2,"7, 5",3.113,2.858
976,E,Medium,SS8,M_SS8,2,M_SS8_2,"7, 7",6.516,3.303
709,D,Medium,SS8,M_SS8,2,M_SS8_2,"7, 11",2.942,2.782
523,C,Medium,SS8,M_SS8,2,M_SS8_2,"6, 2",3.179,2.313
1165,F,Medium,SS8,M_SS8,2,M_SS8_2,"6, 6",3.129,2.985
831,E,Medium,SS8,M_SS8,2,M_SS8_2,"6, 8",2.655,1.877
799,D,Medium,SS8,M_SS8,2,M_SS8_2,"6, 10",3.602,3.363
711,D,Medium,SS8,M_SS8,2,M_SS8_2,"6, 12",2.387,2.101
295,B,Medium,SS8,M_SS8,2,M_SS8_2,"5, 1",4.921,6.121
1042,F,Medium,SS8,M_SS8,2,M_SS8_2,"5, 7",4.883,5.543
241,B,Medium,SS8,M_SS8,2,M_SS8_2,"5, 9",4.092,4.024
58,A,Medium,SS8,M_SS8,2,M_SS8_2,"5, 11",6.353,4.245
752,D,Medium,SS8,M_SS8,2,M_SS8_2,"4, 10",3.957,3.512
294,B,Medium,SS8,M_SS8,2,M_SS8_2,"4, 12",6.378,6.244
233,B,Medium,SS8,M_SS8,2,M_SS8_2,"3, 1",6.853,6.904
244,B,Medium,SS8,M_SS8,2,M_SS8_2,"3, 3",6.302,6.016
202,B,Medium,SS8,M_SS8,2,M_SS8_2,"3, 5",4.588,4.189
151,A,Medium,SS8,M_SS8,2,M_SS8_2,"3, 7",3.519,3.312
1077,F,Medium,SS8,M_SS8,2,M_SS8_2,"3, 9",5.825,6.369
1035,F,Medium,SS8,M_SS8,2,M_SS8_2,"3, 11",4.91,4.336
793,D,Medium,SS8,M_SS8,2,M_SS8_2,"2, 4",3.529,2.73
671,D,Medium,SS8,M_SS8,2,M_SS8_2,"2, 10",2.585,2.275
829,E,Medium,SS8,M_SS8,2,M_SS8_2,"1, 1",4.782,4.052
153,A,Medium,SS8,M_SS8,2,M_SS8_2,"1, 3",2.845,2.445
700,D,Medium,SS8,M_SS8,2,M_SS8_2,"1, 5",2.132,1.968
95,A,Medium,SS8,M_SS8,2,M_SS8_2,"1, 7",4.975,5.107
486,C,Medium,SS8,M_SS8,2,M_SS8_2,"1, 11",4.974,5.016
949,E,Severe,RIC,S_RIC,2,S_RIC_2,"7, 1",4.287,NA
340,C,Severe,RIC,S_RIC,2,S_RIC_2,"7, 3",2.474,2.46
619,D,Severe,RIC,S_RIC,2,S_RIC_2,"7, 5",3.154,1.516
6,A,Severe,RIC,S_RIC,2,S_RIC_2,"7, 7",5.243,2.165
479,C,Severe,RIC,S_RIC,2,S_RIC_2,"7, 9",1.725,0.334
599,D,Severe,RIC,S_RIC,2,S_RIC_2,"6, 4",7.539,2.259
983,E,Severe,RIC,S_RIC,2,S_RIC_2,"6, 8",5.722,NA
52,A,Severe,RIC,S_RIC,2,S_RIC_2,"6, 12",5.393,0.661
948,E,Severe,RIC,S_RIC,2,S_RIC_2,"5, 1",4.111,NA
384,C,Severe,RIC,S_RIC,2,S_RIC_2,"5, 3",4.695,2.172
823,E,Severe,RIC,S_RIC,2,S_RIC_2,"5, 5",4.547,1.133
261,B,Severe,RIC,S_RIC,2,S_RIC_2,"5, 7",5.449,4.342
694,D,Severe,RIC,S_RIC,2,S_RIC_2,"5, 11",4.101,1.486
1051,F,Severe,RIC,S_RIC,2,S_RIC_2,"4, 2",4.647,4.308
1033,F,Severe,RIC,S_RIC,2,S_RIC_2,"4, 4",4.759,4.534
1002,F,Severe,RIC,S_RIC,2,S_RIC_2,"4, 8",6.695,6.474
242,B,Severe,RIC,S_RIC,2,S_RIC_2,"4, 12",5.853,4.735
15,A,Severe,RIC,S_RIC,2,S_RIC_2,"3, 3",3.715,1.741
760,D,Severe,RIC,S_RIC,2,S_RIC_2,"3, 9",3.506,2.937
238,B,Severe,RIC,S_RIC,2,S_RIC_2,"2, 2",4.34,4.398
348,C,Severe,RIC,S_RIC,2,S_RIC_2,"2, 4",3.559,NA
175,A,Severe,RIC,S_RIC,2,S_RIC_2,"2, 8",3.754,1.336
477,C,Severe,RIC,S_RIC,2,S_RIC_2,"2, 12",3.581,0.345
281,B,Severe,RIC,S_RIC,2,S_RIC_2,"1, 1",5.31,3.795
266,B,Severe,RIC,S_RIC,2,S_RIC_2,"1, 11",4.64,3.699
1214,F,Severe,SD,S_SD,2,S_SD_2,"7, 1",5.353,5.52
917,E,Severe,SD,S_SD,2,S_SD_2,"7, 3",2.941,NA
530,C,Severe,SD,S_SD,2,S_SD_2,"7, 5",2.84,1.058
746,D,Severe,SD,S_SD,2,S_SD_2,"7, 7",2.208,0.825
63,A,Severe,SD,S_SD,2,S_SD_2,"6, 2",3.598,1.175
184,B,Severe,SD,S_SD,2,S_SD_2,"6, 4",5.516,4.451
985,E,Severe,SD,S_SD,2,S_SD_2,"6, 6",6.467,1.964
735,D,Severe,SD,S_SD,2,S_SD_2,"6, 8",3.162,2.032
866,E,Severe,SD,S_SD,2,S_SD_2,"6, 12",6.2,NA
368,C,Severe,SD,S_SD,2,S_SD_2,"5, 1",2.277,1.91
155,A,Severe,SD,S_SD,2,S_SD_2,"5, 3",3.022,1.863
403,C,Severe,SD,S_SD,2,S_SD_2,"5, 7",2.92,2.137
800,D,Severe,SD,S_SD,2,S_SD_2,"5, 9",5.731,2.64
723,D,Severe,SD,S_SD,2,S_SD_2,"4, 2",2.352,1.604
90,A,Severe,SD,S_SD,2,S_SD_2,"4, 4",5.759,2.303
1218,F,Severe,SD,S_SD,2,S_SD_2,"4, 6",8.072,8.602
1146,F,Severe,SD,S_SD,2,S_SD_2,"4, 10",3.706,3.098
430,C,Severe,SD,S_SD,2,S_SD_2,"3, 1",3.738,3.554
1196,F,Severe,SD,S_SD,2,S_SD_2,"3, 7",6.595,7.128
513,C,Severe,SD,S_SD,2,S_SD_2,"3, 9",4.22,3.852
1066,F,Severe,SD,S_SD,2,S_SD_2,"2, 2",5.963,5.305
27,A,Severe,SD,S_SD,2,S_SD_2,"2, 4",4.213,2.744
869,E,Severe,SD,S_SD,2,S_SD_2,"2, 6",2.013,NA
593,C,Severe,SD,S_SD,2,S_SD_2,"2, 10",3.065,NA
41,A,Severe,SD,S_SD,2,S_SD_2,"1, 1",5.324,1.375
1044,F,Severe,SD,S_SD,2,S_SD_2,"1, 3",5.559,4.244
861,E,Severe,SD,S_SD,2,S_SD_2,"1, 5",5.09,0.297
179,B,Severe,SD,S_SD,2,S_SD_2,"1, 7",5.585,2.705
489,C,Severe,SD,S_SD,2,S_SD_2,"1, 9",3.96,2.48
1108,F,Severe,SD,S_SD,2,S_SD_2,"1, 11",5.414,4.741
557,C,Severe,SD,S_SD,2,S_SD_2,"7, 11",3.449,2.15
715,D,Severe,SS8,S_SS8,2,S_SS8_2,"7, 1",2.399,1.351
16,A,Severe,SS8,S_SS8,2,S_SS8_2,"7, 3",3.905,1.905
788,D,Severe,SS8,S_SS8,2,S_SS8_2,"7, 5",6.364,3.741
144,A,Severe,SS8,S_SS8,2,S_SS8_2,"7, 7",3.321,1.086
834,E,Severe,SS8,S_SS8,2,S_SS8_2,"7, 9",6.687,NA
453,C,Severe,SS8,S_SS8,2,S_SS8_2,"7, 11",2.84,2.461
1187,F,Severe,SS8,S_SS8,2,S_SS8_2,"6, 4",6.758,6.503
112,A,Severe,SS8,S_SS8,2,S_SS8_2,"6, 6",5.892,2.399
841,E,Severe,SS8,S_SS8,2,S_SS8_2,"6, 8",4.705,1.133
714,D,Severe,SS8,S_SS8,2,S_SS8_2,"6, 10",3.384,1.047
511,C,Severe,SS8,S_SS8,2,S_SS8_2,"6, 12",3.13,2.319
1188,F,Severe,SS8,S_SS8,2,S_SS8_2,"5, 1",6.957,7.162
307,B,Severe,SS8,S_SS8,2,S_SS8_2,"5, 5",4.187,2.911
1020,F,Severe,SS8,S_SS8,2,S_SS8_2,"4, 4",5.157,5.047
894,E,Severe,SS8,S_SS8,2,S_SS8_2,"4, 6",3.677,1.74
824,E,Severe,SS8,S_SS8,2,S_SS8_2,"4, 8",3.744,0.132
859,E,Severe,SS8,S_SS8,2,S_SS8_2,"4, 10",3.177,0.174
967,E,Severe,SS8,S_SS8,2,S_SS8_2,"4, 12",7.054,0.56
548,C,Severe,SS8,S_SS8,2,S_SS8_2,"3, 1",6.919,4.662
127,A,Severe,SS8,S_SS8,2,S_SS8_2,"3, 3",5.081,0.202
38,A,Severe,SS8,S_SS8,2,S_SS8_2,"3, 7",6.358,3.071
892,E,Severe,SS8,S_SS8,2,S_SS8_2,"3, 9",3.376,0.134
921,E,Severe,SS8,S_SS8,2,S_SS8_2,"3, 11",3.36,0.164
546,C,Severe,SS8,S_SS8,2,S_SS8_2,"2, 2",5.278,2.765
210,B,Severe,SS8,S_SS8,2,S_SS8_2,"2, 4",3.364,2.791
559,C,Severe,SS8,S_SS8,2,S_SS8_2,"2, 6",6.624,4.638
1195,F,Severe,SS8,S_SS8,2,S_SS8_2,"2, 8",6.214,5.978
329,B,Severe,SS8,S_SS8,2,S_SS8_2,"2, 10",5.353,3.64
320,B,Severe,SS8,S_SS8,2,S_SS8_2,"1, 1",7.031,6.113
588,C,Severe,SS8,S_SS8,2,S_SS8_2,"1, 7",4.613,4.327
222,B,Severe,SS8,S_SS8,2,S_SS8_2,"1, 9",6.203,4.22
211,B,Severe,SS8,S_SS8,2,S_SS8_2,"1, 11",5.054,3.885
158,A,Severe,RIC,S_RIC,3,S_RIC_3,"7, 1",5.619,3.046
193,B,Severe,RIC,S_RIC,3,S_RIC_3,"7, 3",6.634,4.707
747,D,Severe,RIC,S_RIC,3,S_RIC_3,"7, 5",2.504,1.439
99,A,Severe,RIC,S_RIC,3,S_RIC_3,"7, 7",6.328,2.083
842,E,Severe,RIC,S_RIC,3,S_RIC_3,"7, 9",2.835,NA
132,A,Severe,RIC,S_RIC,3,S_RIC_3,"6, 4",5.771,2.606
107,A,Severe,RIC,S_RIC,3,S_RIC_3,"6, 6",5.881,2.462
335,C,Severe,RIC,S_RIC,3,S_RIC_3,"6, 12",3.054,2.552
392,C,Severe,RIC,S_RIC,3,S_RIC_3,"5, 1",2.598,1.858
991,E,Severe,RIC,S_RIC,3,S_RIC_3,"5, 3",2.735,NA
1139,F,Severe,RIC,S_RIC,3,S_RIC_3,"5, 5",5.049,5.213
404,C,Severe,RIC,S_RIC,3,S_RIC_3,"5, 7",2.351,1.683
274,B,Severe,RIC,S_RIC,3,S_RIC_3,"5, 9",5.996,4.396
1152,F,Severe,RIC,S_RIC,3,S_RIC_3,"4, 2",2.126,NA
167,A,Severe,RIC,S_RIC,3,S_RIC_3,"4, 4",3.551,1.371
180,B,Severe,RIC,S_RIC,3,S_RIC_3,"4, 6",5.65,4.496
667,D,Severe,RIC,S_RIC,3,S_RIC_3,"4, 8",3.452,1.556
644,D,Severe,RIC,S_RIC,3,S_RIC_3,"4, 12",3.543,1.368
741,D,Severe,RIC,S_RIC,3,S_RIC_3,"3, 1",2.768,1.227
724,D,Severe,RIC,S_RIC,3,S_RIC_3,"3, 5",2.688,0.732
75,A,Severe,RIC,S_RIC,3,S_RIC_3,"3, 7",3.929,0.339
935,E,Severe,RIC,S_RIC,3,S_RIC_3,"3, 9",3.122,NA
121,A,Severe,RIC,S_RIC,3,S_RIC_3,"3, 11",7.158,2.646
758,D,Severe,RIC,S_RIC,3,S_RIC_3,"2, 4",3.702,2.342
321,B,Severe,RIC,S_RIC,3,S_RIC_3,"2, 6",6.898,4.888
938,E,Severe,RIC,S_RIC,3,S_RIC_3,"2, 8",4.558,NA
317,B,Severe,RIC,S_RIC,3,S_RIC_3,"2, 10",6.506,5.15
1005,F,Severe,RIC,S_RIC,3,S_RIC_3,"2, 12",4.897,4.985
955,E,Severe,RIC,S_RIC,3,S_RIC_3,"1, 1",1.668,NA
860,E,Severe,RIC,S_RIC,3,S_RIC_3,"1, 3",5.474,0.104
993,F,Severe,RIC,S_RIC,3,S_RIC_3,"1, 5",6.799,7.53
636,D,Severe,RIC,S_RIC,3,S_RIC_3,"1, 7",2.234,0.999
81,A,Severe,RIC,S_RIC,3,S_RIC_3,"1, 9",6.062,1.985
1024,F,Severe,RIC,S_RIC,3,S_RIC_3,"1, 11",6.413,6.452
275,B,Severe,SD,S_SD,3,S_SD_3,"7, 3",4.389,3.683
227,B,Severe,SD,S_SD,3,S_SD_3,"7, 5",4.489,3.677
312,B,Severe,SD,S_SD,3,S_SD_3,"7, 7",6.645,5.028
212,B,Severe,SD,S_SD,3,S_SD_3,"7, 11",6.197,3.672
722,D,Severe,SD,S_SD,3,S_SD_3,"6, 2",3.189,2.29
570,C,Severe,SD,S_SD,3,S_SD_3,"6, 4",2.452,0.417
398,C,Severe,SD,S_SD,3,S_SD_3,"6, 6",2.969,2.561
410,C,Severe,SD,S_SD,3,S_SD_3,"6, 12",2.754,2.289
1217,F,Severe,SD,S_SD,3,S_SD_3,"5, 1",4.227,4.146
618,D,Severe,SD,S_SD,3,S_SD_3,"5, 3",2.881,0.799
943,E,Severe,SD,S_SD,3,S_SD_3,"5, 5",4.159,NA
1209,F,Severe,SD,S_SD,3,S_SD_3,"5, 7",7.33,5.976
316,B,Severe,SD,S_SD,3,S_SD_3,"5, 9",6.388,4.575
195,B,Severe,SD,S_SD,3,S_SD_3,"5, 11",4.893,2.934
942,E,Severe,SD,S_SD,3,S_SD_3,"4, 2",5.052,NA
331,C,Severe,SD,S_SD,3,S_SD_3,"4, 4",4.183,2.428
672,D,Severe,SD,S_SD,3,S_SD_3,"4, 6",2.591,0.414
137,A,Severe,SD,S_SD,3,S_SD_3,"4, 8",5.698,2.18
303,B,Severe,SD,S_SD,3,S_SD_3,"4, 12",7.255,5.191
207,B,Severe,SD,S_SD,3,S_SD_3,"3, 1",4.919,3.79
773,D,Severe,SD,S_SD,3,S_SD_3,"3, 5",3.223,2.002
20,A,Severe,SD,S_SD,3,S_SD_3,"3, 7",5.131,1.808
845,E,Severe,SD,S_SD,3,S_SD_3,"3, 9",4.104,NA
975,E,Severe,SD,S_SD,3,S_SD_3,"3, 11",7.638,NA
923,E,Severe,SD,S_SD,3,S_SD_3,"2, 10",3.451,NA
686,D,Severe,SD,S_SD,3,S_SD_3,"2, 4",4.727,1.744
783,D,Severe,SD,S_SD,3,S_SD_3,"1, 1",3.469,1.565
209,B,Severe,SD,S_SD,3,S_SD_3,"1, 3",5.17,3.057
940,E,Severe,SD,S_SD,3,S_SD_3,"1, 7",4.197,NA
357,C,Severe,SD,S_SD,3,S_SD_3,"1, 9",3.022,2.25
1082,F,Severe,SD,S_SD,3,S_SD_3,"1, 11",7.219,7.21
542,C,Severe,SS8,S_SS8,3,S_SS8_3,"7, 3",5.44,1.637
374,C,Severe,SS8,S_SS8,3,S_SS8_3,"7, 5",2.295,1.793
1184,F,Severe,SS8,S_SS8,3,S_SS8_3,"7, 7",6.03,6.594
478,C,Severe,SS8,S_SS8,3,S_SS8_3,"7, 11",5.099,2.606
1114,F,Severe,SS8,S_SS8,3,S_SS8_3,"6, 2",4.769,5.005
769,D,Severe,SS8,S_SS8,3,S_SS8_3,"6, 8",3.819,2.306
115,A,Severe,SS8,S_SS8,3,S_SS8_3,"6, 10",5.304,1.032
528,C,Severe,SS8,S_SS8,3,S_SS8_3,"5, 1",5.694,2.895
770,D,Severe,SS8,S_SS8,3,S_SS8_3,"5, 3",3.188,2.225
1043,F,Severe,SS8,S_SS8,3,S_SS8_3,"5, 7",6.155,5.118
205,B,Severe,SS8,S_SS8,3,S_SS8_3,"5, 9",4.824,2.089
272,B,Severe,SS8,S_SS8,3,S_SS8_3,"4, 2",4.31,2.45
407,C,Severe,SS8,S_SS8,3,S_SS8_3,"4, 4",2.986,2.828
86,A,Severe,SS8,S_SS8,3,S_SS8_3,"4, 8",5.34,2.722
319,B,Severe,SS8,S_SS8,3,S_SS8_3,"4, 10",4.016,3.284
1176,F,Severe,SS8,S_SS8,3,S_SS8_3,"4, 12",5.761,6.799
1075,F,Severe,SS8,S_SS8,3,S_SS8_3,"3, 1",8.201,8.126
754,D,Severe,SS8,S_SS8,3,S_SS8_3,"3, 3",2.795,1.53
221,B,Severe,SS8,S_SS8,3,S_SS8_3,"3, 5",4.583,2.813
781,D,Severe,SS8,S_SS8,3,S_SS8_3,"3, 7",3.602,1.941
1,A,Severe,SS8,S_SS8,3,S_SS8_3,"3, 9",4.015,0.275
939,E,Severe,SS8,S_SS8,3,S_SS8_3,"2, 2",2.882,NA
765,D,Severe,SS8,S_SS8,3,S_SS8_3,"2, 4",2.938,2.574
914,E,Severe,SS8,S_SS8,3,S_SS8_3,"2, 6",1.917,NA
98,A,Severe,SS8,S_SS8,3,S_SS8_3,"1, 1",5.678,2.019
378,C,Severe,SS8,S_SS8,3,S_SS8_3,"1, 3",2.089,2.06
1003,F,Severe,SS8,S_SS8,3,S_SS8_3,"1, 5",3.462,2.804
647,D,Severe,SS8,S_SS8,3,S_SS8_3,"1, 7",4.839,2.795
744,D,Severe,SS8,S_SS8,3,S_SS8_3,"1, 11",1.915,0.806
937,E,Low,RIC,L_RIC,3,L_RIC_3,"7, 1",4.146,5.017
581,C,Low,RIC,L_RIC,3,L_RIC_3,"7, 5",5.255,7.412
268,B,Low,RIC,L_RIC,3,L_RIC_3,"7, 7",6.671,8.411
1023,F,Low,RIC,L_RIC,3,L_RIC_3,"6, 2",5.691,7.708
123,A,Low,RIC,L_RIC,3,L_RIC_3,"6, 6",4.975,5.665
982,E,Low,RIC,L_RIC,3,L_RIC_3,"6, 8",4.863,4.889
336,C,Low,RIC,L_RIC,3,L_RIC_3,"6, 12",2.519,3.353
1158,F,Low,RIC,L_RIC,3,L_RIC_3,"5, 1",4.675,4.955
519,C,Low,RIC,L_RIC,3,L_RIC_3,"5, 3",5.348,6.82
730,D,Low,RIC,L_RIC,3,L_RIC_3,"5, 5",4.383,4.923
590,C,Low,RIC,L_RIC,3,L_RIC_3,"5, 7",2.422,2.946
269,B,Low,RIC,L_RIC,3,L_RIC_3,"5, 11",5.505,6.462
525,C,Low,RIC,L_RIC,3,L_RIC_3,"4, 2",5.558,6.66
899,E,Low,RIC,L_RIC,3,L_RIC_3,"4, 6",3.635,3.858
1010,F,Low,RIC,L_RIC,3,L_RIC_3,"4, 12",7.73,8.891
782,D,Low,RIC,L_RIC,3,L_RIC_3,"3, 1",3.992,3.602
689,D,Low,RIC,L_RIC,3,L_RIC_3,"3, 3",3.503,3.736
963,E,Low,RIC,L_RIC,3,L_RIC_3,"3, 11",4.122,4.94
925,E,Low,RIC,L_RIC,3,L_RIC_3,"2, 2",3.308,3.622
1133,F,Low,RIC,L_RIC,3,L_RIC_3,"2, 4",3.515,4.857
263,B,Low,RIC,L_RIC,3,L_RIC_3,"2, 8",5.295,6.385
1091,F,Low,RIC,L_RIC,3,L_RIC_3,"1, 1",2.699,3.452
537,C,Low,RIC,L_RIC,3,L_RIC_3,"1, 3",3.264,3.892
751,D,Low,RIC,L_RIC,3,L_RIC_3,"1, 11",3.296,3.631
432,C,Low,SD,L_SD,3,L_SD_3,"7, 1",2.367,2.658
100,A,Low,SD,L_SD,3,L_SD_3,"7, 3",6.313,7.036
693,D,Low,SD,L_SD,3,L_SD_3,"7, 7",2.732,3.357
1219,F,Low,SD,L_SD,3,L_SD_3,"7, 9",5.256,6.738
80,A,Low,SD,L_SD,3,L_SD_3,"7, 11",6.378,6.881
192,B,Low,SD,L_SD,3,L_SD_3,"6, 6",5.876,7.293
163,A,Low,SD,L_SD,3,L_SD_3,"6, 8",4.778,5.308
1147,F,Low,SD,L_SD,3,L_SD_3,"6, 10",3.314,4.938
708,D,Low,SD,L_SD,3,L_SD_3,"6, 12",2.542,2.556
50,A,Low,SD,L_SD,3,L_SD_3,"5, 3",6.354,6.933
954,E,Low,SD,L_SD,3,L_SD_3,"5, 5",3.484,3.658
59,A,Low,SD,L_SD,3,L_SD_3,"5, 7",6.238,6.662
839,E,Low,SD,L_SD,3,L_SD_3,"5, 9",3.714,4.206
40,A,Low,SD,L_SD,3,L_SD_3,"4, 2",6.764,6.926
817,D,Low,SD,L_SD,3,L_SD_3,"4, 4",3.65,4.614
968,E,Low,SD,L_SD,3,L_SD_3,"4, 6",8.338,9.205
204,B,Low,SD,L_SD,3,L_SD_3,"4, 10",5.775,7.621
156,A,Low,SD,L_SD,3,L_SD_3,"3, 1",3.935,4.123
681,D,Low,SD,L_SD,3,L_SD_3,"3, 3",3.181,4.138
850,E,Low,SD,L_SD,3,L_SD_3,"3, 7",3.746,4.257
342,C,Low,SD,L_SD,3,L_SD_3,"3, 9",3.442,4.163
589,C,Low,SD,L_SD,3,L_SD_3,"3, 11",3.378,4.019
1174,F,Low,SD,L_SD,3,L_SD_3,"2, 2",4.411,6.794
676,D,Low,SD,L_SD,3,L_SD_3,"2, 4",2.437,2.7
187,B,Low,SD,L_SD,3,L_SD_3,"2, 6",4.588,6.316
717,D,Low,SD,L_SD,3,L_SD_3,"2, 10",3.16,3.525
1083,F,Low,SD,L_SD,3,L_SD_3,"2, 12",8.555,10.435
936,E,Low,SD,L_SD,3,L_SD_3,"1, 1",5.327,5.921
1130,F,Low,SD,L_SD,3,L_SD_3,"1, 3",3.349,3.658
571,C,Low,SD,L_SD,3,L_SD_3,"1, 5",3.447,3.884
323,B,Low,SD,L_SD,3,L_SD_3,"1, 9",4.674,5.394
1137,F,Low,SD,L_SD,3,L_SD_3,"1, 11",5.338,8.345
421,C,Low,SS8,L_SS8,3,L_SS8_3,"7, 5",2.608,4.353
327,B,Low,SS8,L_SS8,3,L_SS8_3,"7, 9",5.735,6.389
245,B,Low,SS8,L_SS8,3,L_SS8_3,"7, 11",6.376,8.502
893,E,Low,SS8,L_SS8,3,L_SS8_3,"6, 2",4.491,3.854
70,A,Low,SS8,L_SS8,3,L_SS8_3,"6, 4",4.16,4.685
529,C,Low,SS8,L_SS8,3,L_SS8_3,"6, 6",5.523,7.879
1089,F,Low,SS8,L_SS8,3,L_SS8_3,"6, 8",4.079,5.645
475,C,Low,SS8,L_SS8,3,L_SS8_3,"5, 1",3.325,4.451
953,E,Low,SS8,L_SS8,3,L_SS8_3,"5, 3",4.677,4.711
833,E,Low,SS8,L_SS8,3,L_SS8_3,"5, 5",2.192,2.504
803,D,Low,SS8,L_SS8,3,L_SS8_3,"5, 11",3.89,4.282
984,E,Low,SS8,L_SS8,3,L_SS8_3,"4, 8",7.406,7.32
61,A,Low,SS8,L_SS8,3,L_SS8_3,"3, 3",4.2,5.828
232,B,Low,SS8,L_SS8,3,L_SS8_3,"3, 5",5.805,8.331
1162,F,Low,SS8,L_SS8,3,L_SS8_3,"3, 9",2.645,6.045
89,A,Low,SS8,L_SS8,3,L_SS8_3,"3, 11",3.115,3.735
792,D,Low,SS8,L_SS8,3,L_SS8_3,"2, 2",3.487,3.909
522,C,Low,SS8,L_SS8,3,L_SS8_3,"2, 4",2.856,4.572
1073,F,Low,SS8,L_SS8,3,L_SS8_3,"2, 6",8.643,9.959
302,B,Low,SS8,L_SS8,3,L_SS8_3,"2, 8",4.712,5.559
292,B,Low,SS8,L_SS8,3,L_SS8_3,"2, 10",5.014,6.656
818,D,Low,SS8,L_SS8,3,L_SS8_3,"1, 3",3.064,3.04
11,A,Low,SS8,L_SS8,3,L_SS8_3,"1, 5",3.27,4.135
418,C,Low,SS8,L_SS8,3,L_SS8_3,"1, 7",2.326,3.861
313,B,Low,SS8,L_SS8,3,L_SS8_3,"1, 9",5.785,8.505
330,B,Medium,RIC,M_RIC,3,M_RIC_3,"7, 3",3.581,4.11
372,C,Medium,RIC,M_RIC,3,M_RIC_3,"7, 5",3.372,3.384
1168,F,Medium,RIC,M_RIC,3,M_RIC_3,"7, 7",4.43,6.624
838,E,Medium,RIC,M_RIC,3,M_RIC_3,"7, 9",4.896,4.363
285,B,Medium,RIC,M_RIC,3,M_RIC_3,"7, 11",5.139,5.42
46,A,Medium,RIC,M_RIC,3,M_RIC_3,"6, 2",5.961,3.768
290,B,Medium,RIC,M_RIC,3,M_RIC_3,"6, 4",6.872,6.452
638,D,Medium,RIC,M_RIC,3,M_RIC_3,"6, 6",4.842,2.34
656,D,Medium,RIC,M_RIC,3,M_RIC_3,"6, 10",6.479,3.361
828,E,Medium,RIC,M_RIC,3,M_RIC_3,"6, 12",4.539,4.524
464,C,Medium,RIC,M_RIC,3,M_RIC_3,"5, 1",3.261,4.305
454,C,Medium,RIC,M_RIC,3,M_RIC_3,"5, 7",4.352,4.951
424,C,Medium,RIC,M_RIC,3,M_RIC_3,"5, 9",4.52,4.79
1171,F,Medium,RIC,M_RIC,3,M_RIC_3,"4, 2",5.604,6.854
279,B,Medium,RIC,M_RIC,3,M_RIC_3,"4, 6",6.724,6.672
539,C,Medium,RIC,M_RIC,3,M_RIC_3,"4, 8",3.102,3.761
794,D,Medium,RIC,M_RIC,3,M_RIC_3,"4, 10",4.692,3.129
606,D,Medium,RIC,M_RIC,3,M_RIC_3,"4, 12",6.334,1.876
503,C,Medium,RIC,M_RIC,3,M_RIC_3,"3, 3",3.771,3.846
517,C,Medium,RIC,M_RIC,3,M_RIC_3,"3, 5",6.238,6.706
920,E,Medium,RIC,M_RIC,3,M_RIC_3,"3, 7",2.944,0.737
31,A,Medium,RIC,M_RIC,3,M_RIC_3,"3, 9",3.843,0.609
60,A,Medium,RIC,M_RIC,3,M_RIC_3,"3, 11",5.707,0.795
786,D,Medium,RIC,M_RIC,3,M_RIC_3,"2, 4",3.185,2.755
1182,F,Medium,RIC,M_RIC,3,M_RIC_3,"2, 6",2.758,4.324
42,A,Medium,RIC,M_RIC,3,M_RIC_3,"2, 10",6.009,2.54
1105,F,Medium,RIC,M_RIC,3,M_RIC_3,"1, 3",5.146,6.089
761,D,Medium,RIC,M_RIC,3,M_RIC_3,"1, 5",4.171,4.367
846,E,Medium,RIC,M_RIC,3,M_RIC_3,"1, 9",3.091,3.186
918,E,Medium,RIC,M_RIC,3,M_RIC_3,"1, 11",2.858,NA
309,B,Medium,SD,M_SD,3,M_SD_3,"7, 1",5.096,4.503
612,D,Medium,SD,M_SD,3,M_SD_3,"7, 7",4.689,1.467
562,C,Medium,SD,M_SD,3,M_SD_3,"7, 9",2.649,2.745
73,A,Medium,SD,M_SD,3,M_SD_3,"7, 11",6.9,5.503
8,A,Medium,SD,M_SD,3,M_SD_3,"6, 2",3.97,4.009
258,B,Medium,SD,M_SD,3,M_SD_3,"6, 4",5.187,4.905
699,D,Medium,SD,M_SD,3,M_SD_3,"6, 6",3.441,3.092
135,A,Medium,SD,M_SD,3,M_SD_3,"6, 8",4.466,3.629
322,B,Medium,SD,M_SD,3,M_SD_3,"6, 10",4.199,4.571
808,D,Medium,SD,M_SD,3,M_SD_3,"6, 12",2.158,2.387
119,A,Medium,SD,M_SD,3,M_SD_3,"5, 1",3.44,2.689
962,E,Medium,SD,M_SD,3,M_SD_3,"5, 3",4.191,0.274
807,D,Medium,SD,M_SD,3,M_SD_3,"5, 5",3.131,2.372
111,A,Medium,SD,M_SD,3,M_SD_3,"5, 7",6.178,5.353
524,C,Medium,SD,M_SD,3,M_SD_3,"5, 9",5.933,7.798
538,C,Medium,SD,M_SD,3,M_SD_3,"5, 11",2.963,4.404
37,A,Medium,SD,M_SD,3,M_SD_3,"4, 2",4.52,NA
71,A,Medium,SD,M_SD,3,M_SD_3,"4, 4",5.571,5.326
721,D,Medium,SD,M_SD,3,M_SD_3,"4, 6",2.674,2.567
214,B,Medium,SD,M_SD,3,M_SD_3,"4, 10",6.853,7.666
439,C,Medium,SD,M_SD,3,M_SD_3,"4, 12",2.466,2.776
919,E,Medium,SD,M_SD,3,M_SD_3,"3, 3",3.247,3.355
957,E,Medium,SD,M_SD,3,M_SD_3,"3, 5",3.42,1.243
1076,F,Medium,SD,M_SD,3,M_SD_3,"3, 7",4.895,6.391
224,B,Medium,SD,M_SD,3,M_SD_3,"3, 9",4.864,6.775
471,C,Medium,SD,M_SD,3,M_SD_3,"3, 11",5.906,6.822
304,B,Medium,SD,M_SD,3,M_SD_3,"2, 4",5.612,5.923
124,A,Medium,SD,M_SD,3,M_SD_3,"2, 6",7.287,5.382
685,D,Medium,SD,M_SD,3,M_SD_3,"2, 8",3.19,2.712
255,B,Medium,SD,M_SD,3,M_SD_3,"2, 12",7.535,8.487
350,C,Medium,SD,M_SD,3,M_SD_3,"1, 1",3.45,4.455
386,C,Medium,SD,M_SD,3,M_SD_3,"1, 3",3.722,4.265
832,E,Medium,SD,M_SD,3,M_SD_3,"1, 5",5.819,4.486
796,D,Medium,SD,M_SD,3,M_SD_3,"1, 7",5.137,4.595
1032,F,Medium,SD,M_SD,3,M_SD_3,"1, 9",7.487,8.185
683,D,Medium,SD,M_SD,3,M_SD_3,"1, 11",2.808,2.818
484,C,Medium,SS8,M_SS8,3,M_SS8_3,"7, 1",2.191,2.67
924,E,Medium,SS8,M_SS8,3,M_SS8_3,"7, 3",4.443,4.004
142,A,Medium,SS8,M_SS8,3,M_SS8_3,"7, 5",4.431,2.93
5,A,Medium,SS8,M_SS8,3,M_SS8_3,"7, 7",2.482,1.994
849,E,Medium,SS8,M_SS8,3,M_SS8_3,"7, 9",3.137,2.997
873,E,Medium,SS8,M_SS8,3,M_SS8_3,"6, 2",2.139,1.004
719,D,Medium,SS8,M_SS8,3,M_SS8_3,"6, 4",3.412,3.63
1181,F,Medium,SS8,M_SS8,3,M_SS8_3,"6, 8",6.196,6.879
895,E,Medium,SS8,M_SS8,3,M_SS8_3,"6, 10",4.16,1.903
621,D,Medium,SS8,M_SS8,3,M_SS8_3,"5, 3",3.531,2.939
441,C,Medium,SS8,M_SS8,3,M_SS8_3,"5, 5",2.56,3.136
84,A,Medium,SS8,M_SS8,3,M_SS8_3,"5, 7",6.238,2.737
359,C,Medium,SS8,M_SS8,3,M_SS8_3,"5, 11",2.645,NA
118,A,Medium,SS8,M_SS8,3,M_SS8_3,"4, 2",6.314,2.637
1122,F,Medium,SS8,M_SS8,3,M_SS8_3,"4, 4",5.645,6.647
14,A,Medium,SS8,M_SS8,3,M_SS8_3,"4, 6",3.854,2.769
911,E,Medium,SS8,M_SS8,3,M_SS8_3,"4, 8",4.798,0.711
495,C,Medium,SS8,M_SS8,3,M_SS8_3,"4, 10",3.67,3.521
1068,F,Medium,SS8,M_SS8,3,M_SS8_3,"4, 12",2.811,3.447
541,C,Medium,SS8,M_SS8,3,M_SS8_3,"3, 1",6.479,7.211
995,F,Medium,SS8,M_SS8,3,M_SS8_3,"3, 9",6.832,7.7
44,A,Medium,SS8,M_SS8,3,M_SS8_3,"2, 8",3.511,2.504
230,B,Medium,SS8,M_SS8,3,M_SS8_3,"2, 10",3.742,4.165
1040,F,Medium,SS8,M_SS8,3,M_SS8_3,"1, 1",5.083,6.648
865,E,Medium,SS8,M_SS8,3,M_SS8_3,"1, 5",3.316,0.237
661,D,Medium,SS8,M_SS8,3,M_SS8_3,"1, 7",2.787,1.951
122,A,Control,C,C,2,C_2,"7, 1",7.56,10.63
645,D,Control,C,C,2,C_2,"7, 3",2.529,4.687
1099,F,Control,C,C,2,C_2,"7, 5",6.921,10.73
732,D,Control,C,C,2,C_2,"7, 7",2.29,NA
117,A,Control,C,C,2,C_2,"7, 9",6.124,8.517
1070,F,Control,C,C,2,C_2,"7, 11",5.576,9.425
966,E,Control,C,C,2,C_2,"6, 2",4.563,5.812
330,B,Control,C,C,2,C_2,"6, 4",4.791,7.672
1087,F,Control,C,C,2,C_2,"6, 6",6.557,10.773
886,E,Control,C,C,2,C_2,"6, 8",4.301,6.254
88,A,Control,C,C,2,C_2,"6, 10",4.056,5.924
682,D,Control,C,C,2,C_2,"6, 12",2.576,4.102
750,D,Control,C,C,2,C_2,"5, 1",3.222,3.374
237,B,Control,C,C,2,C_2,"5, 3",3.536,5.322
720,D,Control,C,C,2,C_2,"5, 5",2.387,3.463
1041,F,Control,C,C,2,C_2,"5, 7",5.89,10.186
777,D,Control,C,C,2,C_2,"5, 9",2.962,5.407
390,C,Control,C,C,2,C_2,"5, 11",3.023,5.454
85,A,Control,C,C,2,C_2,"4, 2",8.108,10.21
728,D,Control,C,C,2,C_2,"4, 4",3.212,4.357
669,D,Control,C,C,2,C_2,"4, 6",3.322,3.923
903,E,Control,C,C,2,C_2,"4, 8",3.455,6.074
76,A,Control,C,C,2,C_2,"4, 10",4.675,5.806
448,C,Control,C,C,2,C_2,"4, 12",1.796,2.917
1061,F,Control,C,C,2,C_2,"3, 1",6.068,9.417
1166,F,Control,C,C,2,C_2,"3, 3",5.421,8.908
177,B,Control,C,C,2,C_2,"3, 5",4.332,7.881
349,C,Control,C,C,2,C_2,"3, 7",3.872,6.546
408,C,Control,C,C,2,C_2,"3, 9",3.726,5.708
965,E,Control,C,C,2,C_2,"3, 11",5.119,6.251
1053,F,Control,C,C,2,C_2,"2, 2",6.315,9.965
53,A,Control,C,C,2,C_2,"2, 4",6.851,9.17
1039,F,Control,C,C,2,C_2,"2, 6",7.633,9.75
324,B,Control,C,C,2,C_2,"2, 8",8.629,11.749
487,C,Control,C,C,2,C_2,"2, 10",3.795,5.69
251,B,Control,C,C,2,C_2,"2, 12",6.138,10.978
830,E,Control,C,C,2,C_2,"1, 1",4.985,7.613
566,C,Control,C,C,2,C_2,"1, 3",3.327,7.398
33,A,Control,C,C,2,C_2,"1, 5",5.382,4.481
131,A,Control,C,C,2,C_2,"1, 7",4.951,6.539
461,C,Control,C,C,2,C_2,"1, 9",3.617,5.361
973,E,Control,C,C,2,C_2,"1, 11",6.357,8.411
501,C,Control,C,C,3,C_3,"7, 1",6.309,7.886
598,D,Control,C,C,3,C_3,"7, 3",6.485,8.424
97,A,Control,C,C,3,C_3,"7, 5",5.585,8.092
247,B,Control,C,C,3,C_3,"7, 7",5.711,8.946
809,D,Control,C,C,3,C_3,"7, 9",3.775,5.27
670,D,Control,C,C,3,C_3,"7, 11",2.521,3.876
314,B,Control,C,C,3,C_3,"6, 2",5.575,9.987
960,E,Control,C,C,3,C_3,"6, 4",2.816,4.275
1094,F,Control,C,C,3,C_3,"6, 6",6.044,12.517
94,A,Control,C,C,3,C_3,"6, 8",5.081,6.939
296,B,Control,C,C,3,C_3,"6, 10",1.723,2.956
91,A,Control,C,C,3,C_3,"6, 12",5.133,7.589
947,E,Control,C,C,3,C_3,"5, 1",3.967,5.359
310,B,Control,C,C,3,C_3,"5, 3",6.078,9.6
449,C,Control,C,C,3,C_3,"5, 5",2.581,3.44
69,A,Control,C,C,3,C_3,"5, 7",4.311,6.326
116,A,Control,C,C,3,C_3,"5, 9",7.358,10.285
373,C,Control,C,C,3,C_3,"5, 11",4.51,8.197
964,E,Control,C,C,3,C_3,"4, 2",6.315,8.283
915,E,Control,C,C,3,C_3,"4, 4",3.825,5.295
944,E,Control,C,C,3,C_3,"4, 6",5.308,7.417
354,C,Control,C,C,3,C_3,"4, 8",2.104,3.317
465,C,Control,C,C,3,C_3,"4, 10",6.495,9.778
105,A,Control,C,C,3,C_3,"4, 12",4.957,7.232
264,B,Control,C,C,3,C_3,"3, 1",4.576,7.262
402,C,Control,C,C,3,C_3,"3, 3",2.837,5.092
552,C,Control,C,C,3,C_3,"3, 5",2.547,3.954
856,E,Control,C,C,3,C_3,"3, 7",2.898,4.434
812,D,Control,C,C,3,C_3,"3, 9",3.387,5.619
106,A,Control,C,C,3,C_3,"3, 11",3.429,5.791
273,B,Control,C,C,3,C_3,"2, 2",4.012,7.294
125,A,Control,C,C,3,C_3,"2, 4",4.802,6.43
907,E,Control,C,C,3,C_3,"2, 6",4.564,5.456
1022,F,Control,C,C,3,C_3,"2, 8",6.864,9.696
974,E,Control,C,C,3,C_3,"2, 10",2.283,2.817
535,C,Control,C,C,3,C_3,"2, 12",2.89,5.601
1063,F,Control,C,C,3,C_3,"1, 1",6.051,9.018
110,A,Control,C,C,3,C_3,"1, 3",4.522,5.808
1036,F,Control,C,C,3,C_3,"1, 5",5.335,7.852
816,D,Control,C,C,3,C_3,"1, 9",3.511,4.436
218,B,Control,C,C,3,C_3,"1, 11",4.457,7.117
791,D,Control,C,C,3,C_3,"1, 7",4.819,6.255
447,C,Medium,RIC,M_RIC,1,M_RIC_1,"7, 9",NA,1.27
712,D,Low,SS8,L_SS8,2,L_SS8_2,"5, 3",NA,3.711
172,A,Low,RIC,L_RIC,2,L_RIC_2,"7, 7",NA,3.702
844,E,Medium,RIC,M_RIC,3,M_RIC_3,"4, 4",NA,2.552
